Entry	EC number	Sequence
P0AEB2	 3.4.16.4;3.5.2.6	MNTIFSARIMKRLALTTALCTAFISAAHADDLNIKTMIPGVPQIDAESYILIDYNSGKVLAEQNADVRRDPASLTKMMTSYVIGQAMKAGKFKETDLVTIGNDAWATGNPVFKGSSLMFLKPGMQVPVSQLIRGINLQSGNDACVAMADFAAGSQDAFVGLMNSYVNALGLKNTHFQTVHGLDADGQYSSARDMALIGQALIRDVPNEYSIYKEKEFTFNGIRQLNRNGLLWDNSLNVDGIKTGHTDKAGYNLVASATEGQMRLISAVMGGRTFKGREAESKKLLTWGFRFFETVNPLKVGKEFASEPVWFGDSDRASLGVDKDVYLTIPRGRMKDLKASYVLNSSELHAPLQKNQVVGTINFQLDGKTIEQRPLVVLQEIPEGNFFGKIIDYIKLMFHHWFG
P08506	 3.4.16.4	MTQYSSLLRGLAAGSAFLFLFAPTAFAAEQTVEAPSVDARAWILMDYASGKVLAEGNADEKLDPASLTKIMTSYVVGQALKADKIKLTDMVTVGKDAWATGNPALRGSSVMFLKPGDQVSVADLNKGVIIQSGNDACIALADYVAGSQESFIGLMNGYAKKLGLTNTTFQTVHGLDAPGQFSTARDMALLGKALIHDVPEEYAIHKEKEFTFNKIRQPNRNRLLWSSNLNVDGMKTGTTAGAGYNLVASATQGDMRLISVVLGAKTDRIRFNESEKLLTWGFRFFETVTPIKPDATFVTQRVWFGDKSEVNLGAGEAGSVTIPRGQLKNLKASYTLTEPQLTAPLKKGQVVGTIDFQLNGKSIEQRPLIVMENVEEGGFFGRVWDFVMMKFHQWFGSWFS
P33013	 3.4.16.4	MKRRLIIAASLFVFNLSSGFAAENIPFSPQPPEIHAGSWVLMDYTTGQILTAGNEHQQRNPASLTKLMTGYVVDRAIDSHRITPDDIVTVGRDAWAKDNPVFVGSSLMFLKEGDRVSVRDLSRGLIVDSGNDACVALADYIAGGQRQFVEMMNNYAEKLHLKDTHFETVHGLDAPGQHSSAYDLAVLSRAIIHGEPEFYHMYSEKSLTWNGITQQNRNGLLWDKTMNVDGLKTGHTSGAGFNLIASAVDGQRRLIAVVMGADSAKGREEEARKLLRWGQQNFTTVQILHRGKKVGTERIWYGDKENIDLGTEQEFWMVLPKAEIPHIKAKYTLDGKELTAPISAHQRVGEIELYDRDKQVAHWPLVTLESVGEGSMFSRLSDYFHHKA
P44466	 3.4.16.4	MLKRTTKIAFLSSFVALSAFSVSAEDMQFGVTPPQITAQTYVLMDYNSGAILTALNPDQRQYPASLTKMMTSYVVGVALKQGKIHNTDMVTIGESAWGRNFPDSSKMFLDLNTQVSVADLNRGVIVVSGNDATVALAEHISGNVPNFVETMNKYVQQFGLKNTNFTTPHGLDDPNQYSSARDMAIIGAHIIRDLPEEYKIYSEKNFTFNKIKQANRNGLLWDKTINVDGMKTGHTSQAGYNLVASATTSNNMRLISVVMGVPTYKGREVESKKLLQWGFANFETFKTLEAGKEISEQRVYYGDKNSVKLGALMDHFITIPKGKQSEVKARYELADKNLQAPLVKGQVIGKVVYQLDGKDIASANLQVMNDVGEAGIFGKLWDWLVLTVKGLFS
P37604	 3.4.16.4	MLLKRRLFIAASLFAMHLSPALAADAVSFAPQPPAIDAGAWVLMDYTTGQVLTAGNEHQQRNPASLTKLMTGYVVDRAIDSHRISPDDIVTVGRDAWAKDNPVFVGSSLMFLKEGDRVSVRDLSRGLIVDSGNDACVALADYIAGGQPQFVAMMNSYVKKLNLQDTHFETVHGLDAPGQHSSAYDLAVLSRAIIHGEPEFYHMYSEKSLTWNGITQQNRNGLLWDKTMHIDGLKTGHTSGAGFNLIASAVDGQRRLIAVVMGAKSSKGREEQARKLLQWGQQNFATVQILHSGKKVGSERIWYGDKEKIALGTEQDFWMALPKAEIPHIKAKYVLDRKELEAPIAAHQQVGEIELYDRDKLIAQWPLVTLESVGKGGMFSRLSDYFQHKA
E7T3T2	 3.4.16.4;3.5.2.6	
O94925	 3.5.1.2	MMRLRGSGMLRDLLLRSPAGVSATLRRAQPLVTLCRRPRGGGRPAAGPAAAARLHPWWGGGGWPAEPLARGLSSSPSEILQELGKGSTHPQPGVSPPAAPAAPGPKDGPGETDAFGNSEGKELVASGENKIKQGLLPSLEDLLFYTIAEGQEKIPVHKFITALKSTGLRTSDPRLKECMDMLRLTLQTTSDGVMLDKDLFKKCVQSNIVLLTQAFRRKFVIPDFMSFTSHIDELYESAKKQSGGKVADYIPQLAKFSPDLWGVSVCTVDGQRHSTGDTKVPFCLQSCVKPLKYAIAVNDLGTEYVHRYVGKEPSGLRFNKLFLNEDDKPHNPMVNAGAIVVTSLIKQGVNNAEKFDYVMQFLNKMAGNEYVGFSNATFQSERESGDRNFAIGYYLKEKKCFPEGTDMVGILDFYFQLCSIEVTCESASVMAATLANGGFCPITGERVLSPEAVRNTLSLMHSCGMYDFSGQFAFHVGLPAKSGVAGGILLVVPNVMGMMCWSPPLDKMGNSVKGIHFCHDLVSLCNFHNYDNLRHFAKKLDPRREGGDQRVKSVINLLFAAYTGDVSALRRFALSAMDMEQRDYDSRTALHVAAAEGHVEVVKFLLEACKVNPFPKDRWNNTPMDEALHFGHHDVFKILQEYQVQYTPQGDSDNGKENQTVHKNLDGLL
D3Z7P3	 3.5.1.2	MMRLRGSAMLRELLLRPPAAVGAVLRRAQPLGTLCRRPRGGSRPTAGLVAAARLHPWWGGGGRAKGPGAGGLSSSPSEILQELGKGGTPPQQQQQQQQQPGASPPAAPGPKDSPGETDAFGNSEGKEMVAAGDNKIKQGLLPSLEDLLFYTIAEGQEKIPVHKFITALKSTGLRTSDPRLKECMDMLRLTLQTTSDGVMLDKDLFKKCVQSNIVLLTQAFRRKFVIPDFMSFTSHIDELYESAKKQSGGKVADYIPQLAKFSPDLWGVSVCTVDGQRHSIGDTKVPFCLQSCVKPLKYAIAVNDLGTEYVHRYVGKEPSGLRFNKLFLNEDDKPHNPMVNAGAIVVTSLIKQGVNNAEKFDYVMQFLNKMAGNEYVGFSNATFQSERESGDRNFAIGYYLKEKKCFPEGTDMVGILDFYFQLCSIEVTCESASVMAATLANGGFCPITGERVLSPEAVRNTLSLMHSCGMYDFSGQFAFHVGLPAKSGVAGGILLVVPNVMGMMCWSPPLDKMGNSVKGIHFCHDLVSLCNFHNYDNLRHFAKKLDPRREGGDQRVKSVINLLFAAYTGDVSALRRFALSAMDMEQRDYDSRTALHVAAAEGHVEVVKFLLEACKVNPFPKDRWNNTPMDEALHFGHHDVFKILQEYQVQYTPQGDSDDGKGNQTVHKNLDGLL
Q9UI32	 3.5.1.2	MRSMKALQKALSRAGSHCGRGGWGHPSRSPLLGGGVRHHLSEAAAQGRETPHSHQPQHQDHDSSESGMLSRLGDLLFYTIAEGQERIPIHKFTTALKATGLQTSDPRLRDCMSEMHRVVQESSSGGLLDRDLFRKCVSSNIVLLTQAFRKKFVIPDFEEFTGHVDRIFEDVKELTGGKVAAYIPQLAKSNPDLWGVSLCTVDGQRHSVGHTKIPFCLQSCVKPLTYAISISTLGTDYVHKFVGKEPSGLRYNKLSLNEEGIPHNPMVNAGAIVVSSLIKMDCNKAEKFDFVLQYLNKMAGNEYMGFSNATFQSEKETGDRNYAIGYYLKEKKCFPKGVDMMAALDLYFQLCSVEVTCESGSVMAATLANGGICPITGESVLSAEAVRNTLSLMHSCGMYDFSGQFAFHVGLPAKSAVSGAILLVVPNVMGMMCLSPPLDKLGNSHRGTSFCQKLVSLFNFHNYDNLRHCARKLDPRREGAEIRNKTVVNLLFAAYSGDVSALRRFALSAMDMEQKDYDSRTALHVAAAEGHIEVVKFLIEACKVNPFAKDRWGNIPLDDAVQFNHLEVVKLLQDYQDSYTLSETQAEAAAEALSKENLESMV
Q571F8	 3.5.1.2	MRSMRALQNALSRAGSHGRRGGWGHPSRGPLLGRGVRYYLGEAAAQGRGTPHSHQPQHSDHDASHSGMLPRLGDLLFYTIAEGQERIPIHKFTTALKATGLQTSDPRLQDCMSKMQRMVQESSSGGLLDRELFQKCVSSNIVLLTQAFRKKFVIPDFEEFTGHVDRIFEDAKEPTGGKVAAYIPHLAKSNPDLWGVSLCTVDGQRHSVGHTKIPFCLQSCVKPLTYAISVSTLGTDYVHKFVGKEPSGLRYNKLSLNEEGIPHNPMVNAGAIVVSSLIKMDCNKAEKFDFVLQYLNKMAGNEFMGFSNATFQSEKETGDRNYAIGYYLKEKKCFPKGVDMMAALDLYFQLCSVEVTCESGSVMAATLANGGICPITGESVLSAEAVRNTLSLMHSCGMYDFSGQFAFHVGLPAKSAVSGAILLVVPNVMGMMCLSPPLDKLGNSQRGINFCQKLVSLFNFHNYDNLRHCARKLDPRREGGEVRNKTVVNLLFAAYSGDVSALRRFALSAMDMEQKDYDSRTALHVAAAEGHIEVVKFLIEACKVNPFVKDRWGNIPLDDAVQFNHLEVVKLLQDYHDSYLLSETQAEAAAETLSKENLESMV
P13264	 3.5.1.2	MMRLRGSAMLRELLLRPPAAVGGVLRRTQPLGTLCRRPRGGSRPAAGLVAAARLHPWWGGGGRAKGPGSGGLSSSPSEILQELGKGGTPPQQQQQQQQQPGASPPAAPGPKDSPGETDAFGNSEGKEMVAAGDNKVKQGLLPSLEDLLFYTIAEGQEKIPVHKFITALKSTGLRTSDPRLKECMDMLRLTLQTTSDGVMLDKDLFKKCVQSNIVLLTQAFRRKFVIPDFMSFTSHIDELYESAKKQSGGKVADYIPQLAKFSPDLWGVSVCTVDGQRHSIGDTKVPFCLQSCVKPLKYAIAVNDLGTEYVHRYVGKEPSGLRFNKLFLNEDDKPHNPMVNAGAIVVTSLIKQGVNNAEKFDYVMQFLNKMAGNEYVGFSNATFQSERESGDRNFAIGYYLKEKKCFPEGTDMVGILDFYFQLCSIEVTCESASVMAATLANGGFCPITGERVLSPEAVRNTLSLMHSCGMYDFSGQFAFHVGLPAKSGVAGGILLVVPNVMGMMCWSPPLDKMGNSVKGIHFCHDLVSLCNFHNYDNLRHFAKKLDPRREGGDQRVKSVINLLFAAYTGDVSALRRFALSAMDMEQRDYDSRTALHVAAAEGHVEVVKFLLEACKVNPFPKDRWNNTPMDEALHFGHHDVFKILQEYQVQYTPQGDSDDGKENQTVHKNLDGLL
P28492	 3.5.1.2	MRSMRALQNALSRAGSHGQRGGWGHPSRGPLLGGGVRYYFGEAAAQGRGTPHSHQPQHSDHDASNSGMLPRLGDLLFYTIAEGQERIPIHKFTTALKATGLQTSDPRLQDCMSKMQRMVQESSSGGLLDRELFQKCVSSNIVLLTQAFRKKFVIPDFEEFTGHVDRIFEDAKELTGGKVAAYIPHLAKSNPDLWGVSLCTVDGQRHSVGHTKIPFCLQSCVKPLTYAISVSTLGTDYVHKFVGKEPSGLRYNKLSLNEEGIPHNPMVNAGAIVVSSLIKMDCNKAEKFDFVLQYLNKMAGNEFMGFSNATFQSEKETGDRNYAIGYYLKEKKCFPKGVDMMAALDLYFQLCSVEVTCESGSVMAATLANGGICPITGESVLSAEAVRNTLSLMHSCGMYDFSGQFAFHVGLPAKSAVSGAILLVVPNVMGMMCLSPPLDKLGNSHRGISFCQKLVSLFNFHNYDNLRHCARKLDPRREGGEVRNKTVVNLLFAAYSGDVSALRRFALSAVDMEQKDYDSRTALHVAAAEGHIDVVKFLIEACKVNPFVKDRWGNIPLDDAVQFNHLEVVKLLQDYHDSYMLSETQAEVAAETLSKENLESMV
P0AD68	 3.4.16.4	MKAAAKTQKPKRQEEHANFISWRFALLCGCILLALAFLLGRVAWLQVISPDMLVKEGDMRSLRVQQVSTSRGMITDRSGRPLAVSVPVKAIWADPKEVHDAGGISVGDRWKALANALNIPLDQLSARINANPKGRFIYLARQVNPDMADYIKKLKLPGIHLREESRRYYPSGEVTAHLIGFTNVDSQGIEGVEKSFDKWLTGQPGERIVRKDRYGRVIEDISSTDSQAAHNLALSIDERLQALVYRELNNAVAFNKAESGSAVLVDVNTGEVLAMANSPSYNPNNLSGTPKEAMRNRTITDVFEPGSTVKPMVVMTALQRGVVRENSVLNTIPYRINGHEIKDVARYSELTLTGVLQKSSNVGVSKLALAMPSSALVDTYSRFGLGKATNLGLVGERSGLYPQKQRWSDIERATFSFGYGLMVTPLQLARVYATIGSYGIYRPLSITKVDPPVPGERVFPESIVRTVVHMMESVALPGGGGVKAAIKGYRIAIKTGTAKKVGPDGRYINKYIAYTAGVAPASQPRFALVVVINDPQAGKYYGGAVSAPVFGAIMGGVLRTMNIEPDALTTGDKNEFVINQGEGTGGRS
P45059	 3.4.16.4	MVKFNSSRKSGKSKKTIRKLTAPETVKQNKPQKVFEKCFMRGRYMLSTVLILLGLCALVARAAYVQSINADTLSNEADKRSLRKDEVLSVRGSILDRNGQLLSVSVPMSAIVADPKTMLKENSLADKERIAALAEELGMTENDLVKKIEKNSKSGYLYLARQVELSKANYIRRLKIKGIILETEHRRFYPRVEEAAHVVGYTDIDGNGIEGIEKSFNSLLVGKDGSRTVRKDKRGNIVAHISDEKKYDAQDVTLSIDEKLQSMVYREIKKAVSENNAESGTAVLVDVRTGEVLAMATAPSYNPNNRVGVKSELMRNRAITDTFEPGSTVKPFVVLTALQRGVVKRDEIIDTTSFKLSGKEIVDVAPRAQQTLDEILMNSSNRGVSRLALRMPPSALMETYQNAGLSKPTDLGLIGEQVGILNANRKRWADIERATVAYGYGITATPLQIARAYATLGSFGVYRPLSITKVDPPVIGKRVFSEKITKDIVGILEKVAIKNKRAMVEGYRVGVKTGTARKIENGHYVNKYVAFTAGIAPISDPRYALVVLINDPKAGEYYGGAVSAPVFSNIMGYALRANAIPQDAEAAENTTTKSAKRIVYIGEHKNQKVN
P0AD65	 3.4.16.4	MKLQNSFRDYTAESALFVRRALVAFLGILLLTGVLIANLYNLQIVRFTDYQTRSNENRIKLVPIAPSRGIIYDRNGIPLALNRTIYQIEMMPEKVDNVQQTLDALRSVVDLTDDDIAAFRKERARSHRFTSIPVKTNLTEVQVARFAVNQYRFPGVEVKGYKRRYYPYGSALTHVIGYVSKINDKDVERLNNDGKLANYAATHDIGKLGIERYYEDVLHGQTGYEEVEVNNRGRVIRQLKEVPPQAGHDIYLTLDLKLQQYIETLLAGSRAAVVVTDPRTGGVLALVSTPSYDPNLFVDGISSKDYSALLNDPNTPLVNRATQGVYPPASTVKPYVAVSALSAGVITRNTTLFDPGWWQLPGSEKRYRDWKKWGHGRLNVTRSLEESADTFFYQVAYDMGIDRLSEWMGKFGYGHYTGIDLAEERSGNMPTREWKQKRFKKPWYQGDTIPVGIGQGYWTATPIQMSKALMILINDGIVKVPHLLMSTAEDGKQVPWVQPHEPPVGDIHSGYWELAKDGMYGVANRPNGTAHKYFASAPYKIAAKSGTAQVFGLKANETYNAHKIAERLRDHKLMTAFAPYNNPQVAVAMILENGGAGPAVGTLMRQILDHIMLGDNNTDLPAENPAVAAAEDH
P44469	 3.4.16.4	MNLKKFFNTPTHEPFRDKKAERNLFARRTLVAFLGILLLTGVLFTNIYQLQIVNFDTYQTRSNGNRIKLLPLPPTRGLIYDRYGKLLAENLTFFGLYIVPEKTENLDRTLDELRYIVGLTDNDIENFKKERRRGTRYTPILLKPNLTEEQISRFAVNGYQYPSLEVRPYFKRHYLYGETMAHILGYVGKMNDKDVERLKREDKFANYAGTNDIGKLGIERYYEDILQGTTGFEEVEINNRGKVIRTLRSRPAVAGKSIHLTIDLALQRYITELLSGLKGAVVVLDPKDSSVLAMVSTPSYDNNLFVDGISSEDYKRLLNDLARPLYSRATQGAYPPASTVKPFIAVAAQTENVITPNTTIFDPGYWVLPNSTKRFRDWKKTGHGDTDLNKAITESSDTYFYQVAYNMGIDRLSNWMKDFGFGMPTGIEIQEETAANIPTREWKQKRYKRPWVQGDTISVGIGQGYWTATPLQVAKATTILVNNGKVNTPHLMKAIEGAVLEPYEDPLLYPDINTPKVAAWEAAKRGMYNVVNAANGTGRKAFADANYRVAGKSGTAQVFSLKENEKYNTAGLKKELHDHAWFTAYAPYDNPKLVVTVILENAGGGSSNAAPLARKVMDYYLNQRLPQVEKYNVPIQQKKDLSQESEQINGR
P0CL14	 3.4.16.4	MTFKDFDAEEKLFLRRVIVAFGVVVVCFGILIFNLYNLQIRQHHYYTTRSNENDIKMLPVAPTRGIIYDRNGIPLVRNVTWYDIAVTPYKIADMDALLKQLTPIVDLSPDDISDFRRALKSSSRYRPVVLKNALTDVEIARFAVNQFHFNGVTINSYQDRQYPYGAELAHVLGYVSKINDNDLKALDKKGLAENYAADHNIGKQGIERYYENDLHGKTGYQEVEVDNHGRIVRLLKDVPPIAGKNIHLTLDLHLQEYIESLLAGQRAAVLVEDPHDGSVLAMVSMPSYDPNPFVKGISYQDYGKLLHDKNLPLINRVTQGLYPPASTVKPYMAMSALLCGIITPQTTFFGAPTWTLPGTQRHYRDWKKTGHGMLDVTKAIEESADTFFYQVAYMMGIDRIDTMLSQFGYGKPTGIDLNEEYDGLLPSRAWKQRVHKKAWYQGDTISVGIGQGYWIATPIQMVKAMVALINNGKVIAPHLLLNEESGKTVVPYRPSGTPAQIADPASPYWGLVRQAMYGMANAPNGTGYKFFHTAPYGIAAKSGTSQVFSLKENQTYNAKMIPIRLRDHVFYTAFAPYKNPKVAIALILENGGSDGVTAAPIMRKILDHLFDPQADTTQPDQAP
P0A6W0	 3.5.1.2	MAVAMDNAILENILRQVRPLIGQGKVADYIPALATVDGSRLGIAICTVDGQLFQAGDAQERFSIQSISKVLSLVVAMRHYSEEEIWQRVGKDPSGSPFNSLVQLEMEQGIPRNPFINAGALVVCDMLQGRLSAPRQRMLEVVRGLSGVSDISYDTVVARSEFEHSARNAAIAWLMKSFGNFHHDVTTVLQNYFHYCALKMSCVELARTFVFLANQGKAIHIDEPVVTPMQARQINALMATSGMYQNAGEFAWRVGLPAKSGVGGGIVAIVPHEMAIAVWSPELDDAGNSLAGIAVLEQLTKQLGRSVY
Q8EBY0	 3.5.1.2	MPETALLEEVVDRVRPLLGQGKVANYIPALANIDPGKLGIAVTTIDGETIGAGDYLEPFSIQSISKVFSLTLALTLYEETEIWSRVGKEPSGHSFNSLVQVELERGKPRNPFINAGALVIADLLQSRLGAPKHRMLELVRALSQNDKVCFDKQVADSEYQHSARNAAIAYLMKSFGNFQGDVDTVLRTYFHYCALKMNCADLSKAMLYLANRGKTLDGTELISQVQTRQLNALLATSGLYDGAGEFAYRVGMPGKSGVGGGIIAVIPGELSVCVWSPELDTQGNSLAGTAMLEQLSQRLGRSIF
Q9KUR1	 3.5.1.2	MKPTADILASIIEEVRPLTSKGIVADYIPALAKVPSDKLGIAVFTNQGEVITAGDAQEGFSIQSISKVLSLTLAMGLYQPDELWSRVGKEPSGQAFNSLIQLEMEQGIPRNPFINAGAIVVCDMLQSRLSAPRQRLLEFVRQLSGEPQIAYDKVVAASEMMHSDRNAAIAYLMRSFGNFHNEVIPVLHNYFHACALKMSCVELAKTFSYLANKGVSVVTGETVITPTQSKQTNALLATCGLYDGAGEFAYRVGMPGKSGVGGGIIAVVPGEMTIAVWSPALDQSGNSLAGTRALELLAQRIGRSIF
P57755	 3.5.1.2	MSTPTTFRPVLERIAEEIERTPGSGRPADYIPALAARDPRRFGMAVAELDGTVYGVGDWREPFSAQSLTKVFTLALDLAREGDALWEHVGREPSGNPFNSLVQLEYENGIPRNPFINAGALVVTDRLHTRTGDAAGELLAFLRAESGNPDLGHDEEVAASEAAHGDRNAALAHFMASYGNIDNPVPVLLDQYFRQCSVAASCADLALATGFLARHGIRADGTRLLSRSRAKQINAVMLTCGTYDAAGDFAHRVGLPGKSGVGGGIIAVVPGHCTLCVWGPGLDERGNSVAGVAALDRFTTLTGLSVF
Q8ZPI2	 3.5.1.2	MARAMDNAILETILQRVRPLIGQGKVADYIPALASVEGSKLGIAICTVDGQHYQAGDAHERFSIQSISKVLSLVVAMRHYPEEEIWQRVGKDPSGSPFNSLVQLEMEQGIPRNPFINAGALVVCDMLQGRLSAPRQRMLEVVRALCGVSDITYDATVARSEFEHSARNAAIAWLMKSFGNFHHDVPTVLQNYFHYCALKMSCMELARTFVFLANQGEAFHLDEPVVTPMQARQINALMATSGMYQNAGEFAWRVGLPAKSGVGGGIVAIVPHEMAIAVWSPELDPAGNSLAGIAALEQLTQTLGRSVY
Q32G00	 3.5.1.2	MAVAMDNAILENILRQVRPLIGQGKVADYIPALATVDGSRLGIAICTVDGQLFQAGDAQERFSIQSISKVLSLVVAMRHYSEEEIWQRVGKDPSGSPFNSLVQLEMEQGIPRNPFINAGALVVCDMLQGRLSAPRQRMLEVVRGLSGVSDISYDTVVARSEFEHSARNAAIAWLMKSFGNFHHDVTTVLQNYFHYCALKMSCVELARTFVFLANQGKAIHIDEPVVTPMQARQINALMATSGIYQNAGEFAWRVGLPAKSGVGGGIVAIVPHEMAIAVWSPELDDAGNSLAGIAVLEQLTKQLGRSVY
O07637	 3.5.1.2	MVCQHNDELEALVKKAKKVTDKGEVASYIPALAKADKHDLSVAIYYSNNVCLSAGDVEKTFTLQSISKVLSLALVLMEYGKDKVFSYVGQEPTGDPFNSIIKLETVNPSKPLNPMINAGALVVTSLIRGRTVKERLDYLLSFIRRLTNNQEITYCREVAESEYSTSMINRAMCYYMKQYGIFEDDVEAVMDLYTKQCAIEMNSLDLAKIGSVFALNGRHPETGEQVISKDVARICKTFMVTCGMYNASGEFAIKVGIPAKSGVSGGIMGISPYDFGIGIFGPALDEKGNSIAGVKLLEIMSEMYRLSIF
A5I5P4	 3.5.1.2	MNRLLKTIIENNRKWISEGKVASYIPELSKMDKNLLGISVCTLGGEEYWEGDAEVKFTIQSISKIVTLMLAIIDNGEDYVFSKVGMEPTETAFNSIVNLEAKESHKPINPMINAGAIVVASMVAGKDSDEKFDRILKFTRKISGNNDIDINLNVYESEKETGHRNRALAYFMKSTGALKGNVEEILDVYFKQCSIEITCKDLARIGVMLANDGVSPYTGDRIVPRHVARIVKTIMVTCGMYDASGNFAVHIGIPAKSGVGGGIIACAPRRMGIGVLGTALDEKGNSIAGTKILEELSKQLDLSIF
Q8RDV3	 3.5.1.2	MKELLKELVEKNRKFTADGNVANYIPELDKADKNALGIYVTTLDGQEFFAGDYNTKFTIQSISKIISLMLAILDNGEEYVFSKVGMEPSGDPFNSIRKLETSSRKKPYNPMINAGAIAVASMIKGKDDREKFSRLLNFAKLITEDDSLDLNYKIYIGESDTGFRNYSMAYFLKGEGIIEGNVNEALTVYFKQCSIEGTAKTISTLGKFLANDGVLSNGERILTTRMAKIIKTLMVTCGMYDSSGEFAVRVGIPSKSGVGGGICSVVPGKMGIGVYGPSLDKKGNSLAGGHLLEDLSAELSLNIF
Q89KV2	 3.5.1.2	MDTQPIRLPSVAGATRSAGYPTRPPLRRFLTDCHEEFRGDSSGELADYIPELKRANPDHFGIALVTIDGHVYEVGDSAVPFTIQSVSKAFVFALALETVGEERVSATIGVEPSGEAFNSIRLTNDNRPFNPMVNAGAIACSGLIYEVDGKGAFERVRSKLSEFAGRELGVDEAVHASETATGNRNRAIAWLLRNYAVLPDDVDAVLDVYFRQCAILVTARDLAVMAATLANRGINPVTGAQVITPHIVARTLSVMTSSGMYDYAGEWTYRVGIPAKSGVGGGIVAALPSQLGLGTFSPLLDNHFNSVRGLKVCEALSARFDLHMLNRNADVRTSVMADYDVYGISSRRSRQPHEQQILDERHSDIRIVELVGALNFGTIDYVTRRLTSEPPNAPLLIIDFRRVPDITAAGAELLGETLTALGNANVTTILSGLEEASAVWAAIAARTGDPRRLRRFALLDDAIEWAEDQVIYRFGGFTDVKESVHLGEQALLAELDTDEIAAIVKLSTTRHYTAGQRVIAAGAPANSLFFLQSGMVSVKLRSGVRLASLGPGMEFGEMAILERTRSADVFADTPVACLELPLDSFADYRRLHPETALKIMRNLAAILARRLVAANAKVDLLSAY
Q89NA7	 3.5.1.2	MTPPPASAWTRSKPPLLRFLDTCLNEFSAETSGAVADYIPELGNADPAYFGISLATLDGHVYEVGDSRVPFTIQSMSKPFVFALALDLLGAGRVESAIGVEPSGDPFNSIRLNSDNHPFNPMVNAGAIACTGLIYDSKGAEAFEQIRLALSRFAGRDLAVDEAVYSSESQTGDRNRAIGYLLKTNAVISDNVAAVLDVYFRQCAVLVTARDIAVMAATLANRGINPVTGEQVMSAYAISRTLSVMTSSGMYDYAGEWIYRIGIPAKSGVGGGILAALPARLGLGSYSPKLDKHGNSVRGIKVCEALSSHYDLHMLNRSDDARNAVIADYDIGKSPSRRVRRAQEREILAAHEQEVRIIELVGTLSLSAVDYVSRRLAGRPRPQFVIFDLHRVTSTTRAGARLVAEAFEELAALNVTVVLSGVRRASKEWNTLREWTAELKNVRDFYLLDTAIEWAEDQIVYRYGGSIDFHETTELAEQPLLEGLSADELAELGAICTIRTYQSGAKILTTGDPADALFFLRSGAVHVTLPDGVRLATLTAGMAFGEMALLEQTRSADVFADMAATAFEAPLKDFERFREQHPRASERIMRNLAQLLADRLIVANAKVDILTST
A0A2R3IM68	 3.5.1.2	MQQLLNEILDEVRPLIGRGKVADYIPALAGVEPDQLGIAVYSRDGELFHAGDALRPFSIQSISKVFSLVQAIQHSGEDIWQRLGHEPSGQPFNSLVQLEFERGRPRNPFINAGALVICDINQSRFAAPAQSMRDFVRRLCGNPEVVSDSVVARSEYQHRSRNAAAAYLMKSFGNFHNDVEAVLLSYFHHCALRMSCVDLARAFCFLADKGFCKHSGEQVLNERQTKQVNAIMATSGLYDEAGNFAYRVGLPGKSGVGGGIIAVVPGRFTVCVWSPELNGAGNSLAGIAALEKLSERIGWSIF
A8AGR2	 3.5.1.2	MARAMDNSILETILQQVRPLIGQGKVADYIPALASVDGSKLGIAICTVDGQYYQAGDAQERFSIQSISKVLSLVVAMRHYPEEEIWQRVGKDPSGSPFNSLVQLELEQGIPRNPFINAGALVVCDMLQGRLSAPRQRMLEVVRALSGVSDIAYDVTVARSEFEHSARNAAIAWLMKSFGNFQHDVTTVLQNYFHYCALKMSCAELARTFVFLARQGQAFHLDEPVVTSMQARQINALMATSGMYQNAGEFAWRVGLPAKSGVGGGIVAIVPHEMAIAVWSPELDPAGNSLAGIAVLEQLTQQLGRSVY
A0A3S4RME0	 3.5.1.2	MQQLLNEILDEVRPLIGRGKVADYIPALAGVEPNQLGIAVYSRDGELFHAGDALRPFSIQSISKVFSLVQAIQHSGEDIWQRLGHEPSGQPFNSLVQLEFERGKPRNPFINAGALVICDINQSRFAAPAQSMRDFVRRLCGNPEVVSDSVVARSEYQHRSRNAAAAYLMKSFGNFHNDVEAVLLSYFHHCALRMSCVDLARAFCFLADKGFCKHSGEQVLNERQTKQVNAIMATSGLYDEAGNFAYRVGLPGKSGVGGGIIAVVPGRFTVCVWSPELNAAGNSLAGIAALEKLSERIGWSIF
A3D705	 3.5.1.2	MPELALLEEVVEKVRPLLGQGKVADYIPALASVDAGKIGIAVTTVDGETLGAGDYLEPFSIQSISKVFSLTLALTLYEEAEIWSRVGKEPSGHSFNSLVQVELERGKPRNPFINAGALVIADLLQSRLGAPKHRMLELVRQLSQNDKVCFDKQVADSEYQHSARNAAIAYLMKSFGNFQGDVDTVLRTYFHYCALKMNCADLSKAMLYLANRGKSITGTELISQVQTRQLNALLATSGLYDGAGEFAYRVGMPGKSGVGGGIIAVIPGELSICVWSPELDGNGNSLAGTAMLEHLSQRLGRSIF
A0A220UQS6	 3.5.1.2	MPEQALLEEVVDKVRPLLGQGKVANYIPALANVDAGKLGIAVTTIDGETIGAGDYLEPFSIQSISKVFSLTLALTLYEETEIWSRVGKEPSGHSFNSLVQVELERGKPRNPFINAGALVIADLLQSRLGAPKHRMLELVRALSQNDKVCFDKQVADSEYQHSARNAAIAYLMKSFGNFQGDVDTVLRTYFHYCALKMNCADLSRAMLYLANRGKTLDGTELISQVQTRQLNALLATSGLYDGAGEFAYRVGMPGKSGVGGGIIAVIPGELSVCVWSPELDNQGNSLAGTAMLEHLSQRLGRSIF
A0A2K9A0M6	 3.5.1.2	MPELALLEEVVEKVRPLLGQGKVADYIPALASVDAGKLGIAVTTVDGETLGAGDYLEPFSIQSISKVFSLTLALTLYEEAEIWSRVGKEPSGHSFNSLVQVELERGKPRNPFINAGALVIADLLQSRLGAPKHRMLELVRQLSQNDKVSFDKQVADSEYQHSARNAAIAYLMKSFGNFQGDVDTVLRTYFHYCALKMNCADLSKAMLYLANRGKSITGTELISQVQTRQLNALLATSGLYDGAGEFAYRVGMPGKSGVGGGIIAVIPGELSICVWSPELDGNGNSLAGTAMLEHLSQRLGRSIF
A1RHL2	 3.5.1.2	MPELALLEEVVEKVRPLLGQGKVANYIPALASVDAGKLGIAVTTVDGETLGAGDYLEPFSIQSISKVFSLTLALTLYEEAEIWSRVGKEPSGHSFNSLVQVELERGKPRNPFINAGALVIADLLQSRLGAPKHRMLELVRQLSQNDKVCFDKQVADSEYQHSARNAAIAYLMKSFGNFQGDVDTVLRTYFHYCALKMNCADLSRAMLYLANRGKTVDGTELISQVQTRQLNALLATSGLYDGAGEFAYRVGMPGKSGVGGGIIAVIPGELSICVWSPELDENGNSLAGTAMLEHLSQRLGRSIF
A0A0E1NYL4	 3.5.1.2	MVTTLDNALLNDILQQVRPLIGQGKVADYIPALAEVPANKLGIAVCTLDGQIFQAGDADERFSIQSISKVLSLTLALSRYSEQDIWQRVGKEPSGQPFNSLVQLELEKGKPRNPFINLGALVVCDMLQSRLSAPKQRLLEVVRQLVKDDSISYDPRVARSEFEHSDRNAAIAYLMKSFGNFDNDVLTVLQTYFHYCAMRMSCVELARCFVYLANQGRSISGSESLITPMQARQINALMITSGMYDGAGEFAFRVGMPGKSGVGGGIIAIVPDEFCIAVWSPELDHAGNSLAGTAALERLAQQMGRSIF
Q9I387	 3.5.1.2	MQQLLNEILDEVRPLIGRGKVADYIPALAGVEPNQLGIAVYSRDGELFHAGDALRPFSIQSISKVFSLVQAIQHSGEDIWQRLGHEPSGQPFNSLVQLEFERGKPRNPFINAGALVICDINQSRFAAPAQSMRDFVRRLCGNPEVVSDSVVARSEYQHRSRNAAAAYLMKSFGNFHNDVEAVLFSYFHHCALRMSCVDLARAFCFLADKGFCKHSGEQVLNERQTKQVNAIMATSGLYDEAGNFAYRVGLPGKSGVGGGIIAVVPGRFTVCVWSPELNAAGNSLAGIAALEKLSERIGWSIF
B8E920	 3.5.1.2	MPELALLEEVVDKVRPLLGQGKVADYIPALASVDAGKLGIAVTTVDGETLGAGDYLEPFSIQSISKVFSLTLALTLYEEAEIWSRVGKEPSGHSFNSLVQVELERGKPRNPFINAGALVIADLLQSRLGAPKHRMLELVRQLSQNDKVCFDKQVADSEYQHSARNAAIAYLMKSFGNFQGDVDTVLRTYFHYCALKMNCADLSKAMLYLANRGKSITGTELISQVQTRQLNALLATSGLYDGAGEFAYRVGMPGKSGVGGGIIAVIPGELSICVWSPELDGNGNSLAGTAMLEHLSQRLGRSIF
A6WQU2	 3.5.1.2	MPELALLEEVVEKVRPLLGQGKVADYIPALASVDAGKLGIAVTTVDGETLGAGDYLEPFSIQSISKVFSLTLALTLYEEAEIWSRVGKEPSGHSFNSLVQVELERGKPRNPFINAGALVIADLLQSRLGAPKHRMLELVRQLSQNDKVCFDKQVADSEYQHSARNAAIAYLMKSFGNFQGDVDTVLRTYFHYCALKMNCADLSKAMLYLANRGKSITGTELISQVQTRQLNALLATSGLYDGAGEFAYRVGMPGKSGVGGGIIAVIPGELSICVWSPELDGNGNSLAGTAMLEHLSQRLGRSIF
A5F9H5	 3.5.1.2	MKPTAEILASIIEEVRPLTGQGKVADYIPALAKVPSEKLGIAVFTNQGEVISAGDAQEGFSIQSISKVLSLTLAMGLYQPNELWSRVGKEPSGQAFNSLIQLEMEHGIPRNPFINAGAIVVCDMLQSRLSAPRQRLLEFVRQLSGEPLIAYDKVVAASEMMHSDRNAAIAYLMRSFGNFHNEVIPVLHNYFHACALKMSCVELAKTFSYLANKGVSVVTGETVITPTQSKQTNALLATCGLYDGAGEFAYRVGMPGKSGVGGGIIAVVPGEMTIAVWSPALDQSGNSLAGTRALELLAQRIGRSIF
A0A3J3HLC7	 3.5.1.2	MARAMDNAILETILQRVRPLIGQGKVADYIPALASVEGSKLGIAICTVDGQHYQAGDAHERFSIQSISKVLSLVVAMRHYPEEEIWQRVGKDPSGSPFNSLVQLEMEQGIPRNPFINAGALVVCDMLQGRLSAPRQRMLEVVRALCGVSDITYDVTVARSEFEHSARNAAIAWLMKSFGNFHHDVPTVLQNYFHYCALKMSCMELARTFVFLANQGEAFHLDEPVVTPMQARQINALMATSGMYQNAGEFAWRVGLPAKSGVGGGIVAIVPHEMAIAVWSPELDPAGNSLAGIAALEQLTQTLGRSVY
A0A3Z2MT07	 3.5.1.2	MAWAMDNAILETILQRVRPLIGQGKVAAYIPALASVEGSKLGIAICTVDGQHYQAGDAHERFSIQSISKVLSLVVTMRHYPEEEIWQRVGKDPSGSPFNSLVQLEMEQGIPRNPFINAGALVVCDMLQGRLSAPRQRMLEVVRALCGVSDITYDATVARSEFEHSARNAAIAWLMKSFGNFHHDVPTVLQNYFHYCALKMSCMELARTFVFLANQGEAFHLDEPVVTPMQARQINALMATSGMYQNAGEFAWRVGLPAKSGVGGGIVAIVPHEMAIAVWSPELDPAGNSLAGIAALEQLTQTLGRSVY
A9MRQ5	 3.5.1.2	MARAMDNAILETILQRVRPLIGQGKVADYIPALASVEGSKLGIAICTVDGQHYQAGDAHERFSIQSISKVLSLVVAMRHYPEEEIWQRVGKDPSGSPFNSLVQLEMEQGIPRNPFINAGALVVCDMLQGRLSAPRQRMLEVVRALCGVSDITYDATVARSEFEHSARNAAIAWLMKSFGNFHHDVPTVLQNYFHYCALKMSCMELARTFVFLANQGEAFHLDEPVVTPMQARQINALMATNGMYQNAGEFAWRVGLPAKSGVGGGIVAIVPHEMAIAVWSPELDPAGNSLAGIAALEQLTQTLGRSVY
B5RAE1	 3.5.1.2	MAWAMDNAILETILQRVRPLIGQGKVADYIPALASVEGSKLGIAICTVDGQHYQAGDAHERFSIQSISKVLSLVVAMRHYPEEEIWQRVGKDPSGSPFNSLVQLEMEQGIPRNPFINAGALVVCDMLQGRLSAPRQRMLEVVRALCGVSDITYDATVARSEFEHSARNAAIAWLMKSFGNFHHDVPTVLQNYFHYCALKMSCMELARTFVFLANQGEAFHLDEPVVTPMQARQINALMATSGMYQNAGEFAWRVGLPAKSGVGGGIVAIVPHEMAIAVWSPELDPAGNSLAGIAALEQLTQTLGRSVY
Q83RE2	 3.5.1.2	MAVAMDNAILENILRQVRPLIGQGKVADYIPALATVDGSRLGIAICTVDGQLFQAGDAQERFSIQSISKVLSLVVAMRHYSEEEIWQRVGKDPSGSPFNSLVQLEMEQGIPRNPFINTGALVVCDMLQGRLSAPRQRMLEVVRGLSGVSDISYDTVVARSEFEHSARNAAIAWLMKSFGNFHHDVTTVLQNYFHYCALKMSCVELARTFVFLANQGKAIHIDEPVVTPMQARQINALMATSGMYQNAGEFAWRVGLPAKSGVGGGIVAIVPHEMAIAVWSPELDDAGNSLAGIAVLEQLTKQLGRSVY
B1KYY3	 3.5.1.2	MNRLLKTVIENNRKWISEGKVASYIPELSKMDKNLLGISVCTLGGEEYWEGDAEVKFTIQSISKIVTLMLAIIDNGEDYVFSKVGMEPTETAFNSIVNLEAKESHKPINPMINAGAIVVASMVAGKDSDEKFDRILKFTRKISGNNNIDINLNVYTSEKETGHRNRALAYFMKSTGALKGDVEEILDVYFKQCSIEITCKDLARIGVMLANDGVSPYTGDRIVPRYVARIVKTIMVTCGMYDASGNFAVHIGIPAKSGVGGGIVACAPRRMGIGVLGTALDEKGNSIAGTKILEELSKQLDLSIF
C1FUY9	 3.5.1.2	MNRLLKTIIENNRKWISEGKVASYIPELSKMDKNLLGISVCTLGGEEYWEGDAEVKFTIQSISKIVTLMLAIIDNGEDYVFSKVGMEPTETAFNSIVNLEAKESHKPINPMINAGAIVVASMVAGKDSDEKFDRILKFTRKISGNNNIDINLNVYKSEKETGHRNRALAYFMKSTGALKGNVEEILDVYFKQCSIEITCKDLARIGVMLANDGVSPYTGDRIVPRHVARIVKTIMVTCGMYDASGNFAVHIGIPAKSGVGGGIVACAPRRMGIGVLGTALDEKGNSIAGTKILEELSKQLDLSIF
C3L2L2	 3.5.1.2	MNRLFKTIIENNRKWVSEGKVASYIPELSKMDKNLLGISVCTLGGEEYWEGDAEVKFTIQSISKIVTLMLAIIDNGEDYVFSKVGMEPTETAFNSIVNLEAKESHKPINPMINAGAIVVASMVAGKDSDEKFDRILKFTRKISGNNNIDINLNVYKSEKETGHRNRALAYFMKSTGALKGNVEEILDVYFKQCSIEITCKDLARIGVMLANDGVSPYTGDRIVPRHVARIVKTIMVTCGMYDASGNFAVHIGIPAKSGVGGGIVACAPRRMGIGVLGTALDEKGNSIAGTKILEELSKQLDLSIF
P02919	 2.4.1.129;3.4.16.4	MAGNDREPIGRKGKPTRPVKQKVSRRRYEDDDDYDDYDDYEDEEPMPRKGKGKGKGRKPRGKRGWLWLLLKLAIVFAVLIAIYGVYLDQKIRSRIDGKVWQLPAAVYGRMVNLEPDMTISKNEMVKLLEATQYRQVSKMTRPGEFTVQANSIEMIRRPFDFPDSKEGQVRARLTFDGDHLATIVNMENNRQFGFFRLDPRLITMISSPNGEQRLFVPRSGFPDLLVDTLLATEDRHFYEHDGISLYSIGRAVLANLTAGRTVQGASTLTQQLVKNLFLSSERSYWRKANEAYMALIMDARYSKDRILELYMNEVYLGQSGDNEIRGFPLASLYYFGRPVEELSLDQQALLVGMVKGASIYNPWRNPKLALERRNLVLRLLQQQQIIDQELYDMLSARPLGVQPRGGVISPQPAFMQLVRQELQAKLGDKVKDLSGVKIFTTFDSVAQDAAEKAAVEGIPALKKQRKLSDLETAIVVVDRFSGEVRAMVGGSEPQFAGYNRAMQARRSIGSLAKPATYLTALSQPKIYRLNTWIADAPIALRQPNGQVWSPQNDDRRYSESGRVMLVDALTRSMNVPTVNLGMALGLPAVTETWIKLGVPKDQLHPVPAMLLGALNLTPIEVAQAFQTIASGGNRAPLSALRSVIAEDGKVLYQSFPQAERAVPAQAAYLTLWTMQQVVQRGTGRQLGAKYPNLHLAGKTGTTNNNVDTWFAGIDGSTVTITWVGRDNNQPTKLYGASGAMSIYQRYLANQTPTPLNLVPPEDIADMGVDYDGNFVCSGGMRILPVWTSDPQSLCQQSEMQQQPSGNPFDQSSQPQQQPQQQPAQQEQKDSDGVAGWIKDMFGSN
Q9KUC0	 2.4.1.129;3.4.16.4	MTRKSSNRSRGRKARSGKSASSSKLQIWLGRIWSIGWKLALTLAAVLVFIGIYLDSMIKQRFEGQLFDLPTVVYARILTLEPGNGLSLQELRNELDVLNYRKVAQPRFPGEYASSSSRIELIRRPFEFADGPEPDRRVMLTFDGSGLNKIESLEQKRELGYLRLEPKLMGMLEKDSPEQRLFLRRDQFPEVLVDALLVTEDRDFYQHDGVSPLAIGRAMVVNLKAGRTVQGGSTLTQQLAKNIFLSSDRTLWRKLREAYMALIIDYRYSKDRILEAYLNEVYLGQSGADAIHGFGLASRLYFGQPLQELRIDQLALLVGMVKGPSYYNPMRYAERARERRDLVLKLMMEHDILTAPEYQQAVTRPLDVQKTAQIASRQPAYFQQVSIELKEKLGDKFKADSGLRVFTSLDPVSQSKLEQAIHDQIPQLAKTAGKDLEAAAIAVDRHSGEIRAMVGGKRTGYDGFNRVLNASRQIGSLVKPAVYLTALAHPDQYNLATTLEDKPLTLKGSEGSAWTPRNYDRQYRGEVPLYLALAQSLNVPTVALGMKLGIDQVSATLGKLGVNRDEIRPVPSMLLGSFSLTPYQVAQMYQTLTNSGKKAPLSALRSVLDLEGNVLYESLPRVSQAVDQQAAWLTTYAMKQGVQEGTGRYLNAQFSSAALAGKTGTTNDNRDSWFVGVDGREVTTIWLGRDDNQPTKLTGASGALRVYAQYLKYRIPEKLQLPWPEGITTFGFAKQTQGGLKLDCDNAFKLPIWDNQQQLKQQCENRPTEWIKKLFEW
P45345	 2.4.1.129;3.4.16.4	MTSQHSAKKSSKNTPKNNRTFKGFLLKFSFTALVLTIFYGGYLDWQIRSKMDGQIWHLPAEVYSRLESVKIADNLAFDEVIQILLDNEYRQTTMVAAPGDFKLEDDSIVVLRRAFPFPDKAEPQRVLRLRFSHNKLSRIEDLVTVKTVDEFRLAPKLIAMLQSDNEDRLAIPLQNYPRLLIDTLILTEDRRFYEHNGINPVGILRALIANIRAGQTVQGGSTLTQQLVKNLFLSRERTITRKANEALMSLVLDWRYDKNRILETYLNEIYLGQNGDTQIHGFELASQFYFGRSIREISLDQIALLVGMVKGPSLYNPWRNPQNALERRNIVLRLMLEHKMIGDELYQLLSQRPLGVQKKGQISRKYPAFIQTLQADLRRKLGEHKISSLLGARIFSTMDLKQQAQAENAVGNTVSQLQLKMKNPHLEGAMIITDYRTGEIRAVVGGLQTQYAGFNRALMAKRQIGSLVKPSIYLTALSNPEQFRLNTPINNQPITINVKGSPPWQPRNYDKKYSDSVMLMDALARSLNIPTVNIGMKVGLSKVIDTQKAMGWDNVEIPKVPAMLLGSYTISPYDVTKLYQTLANQGGRIALTTVDSIADRQGNLIFQHDKSAKQVVPQEAAFQTLFAMQQTVERGTARSLQKDYADLHLAGKTGTTNESRDTWFVGIDGKNISTVWLGRDDNGETKLTGASGALQIYKDYLNRTNIEKLAITPPTTVKWVGINQYGDWDCESYRTIPIWLNNGQNFCGETSSPSLTPTTETETPPQESLWDVLDNPNPPAQ
Q19013	 3.5.1.2	MTSKPTTQKSVMYRIPSERTLESLHEMIGSRMSKMSLKNTLRGISNPYERDENEGSEDMIFELFKIPNKNEASIGKLLTVLRQLGLRDDDPRLVPMMEKIKDFEKIAEEKCSEATEQKHWKLTKEQFKECIAPSIDIVSRALQTDMVIPNWVTFVDQIRTLFNECKEIREGQVATYIPQLARQSPNLWAVSLCTVDGQRASFGDVKHPFCVQSVSKAFNYAIVASDLGADVVHSYVGQEPSGRLFNEICLDSTNKPHNPMVNSGAIVITSLIKSKTNMADRFDFVLNQYRKIAGNEFIGFNNATFLSERATADRNYALSYFMKENRCFPKETESLTDALDFYFQLCSVEVTCESLAVMASTLANGGVCPITNETCVDPNPCRDVLSLMYSCGMYDASGQFSFNVGLPAKSGVSGAMIVVVPNVMGICLFSPPLDSLGNSCRGVAFCKKLVSTFNFHNYDCLVHNSNIKSDPRRRDIRERDRLIPVFHVARAGDLPTMRRLYMQGEDLNTSDHDDRTVLHIAATEGYETMIKFLVNVAKVDVDKKDRWGRTPLDEAKFFKHDHVSRFLEKAMKRPEQHRKDSVSSLDTDDEIDDDGFPEKPSFTID
Q93650	 3.5.1.2	MDNKEKEDEELSDELKDQPGPSEKPRTPTVVAFTKPSFYRVNTVISDVKVCRSMSYDMCGNHQQELLFDLYKDETTGKVYLPRFFKALLESGIRKDDPRIDKMIQNIKDADLLDDFVWGTQHIYLEKDTFKRYIGSSIGVVTKALKKQMIIPDWERFVSDMGEIFEDVRSHNEGDLATYIPQLSRVAPDSWAMSVCTIDGQRKMWGDALKPFCLQSVSKPFTYALVHDDIGPEELHAHVGQEPSGRLFNDISLDHNKKPHNPLINAGAIVVASLLKNKLPLADRFDFMIHACRKFVGSGYIGFDNSVFLSERETADRNYALSYYMREHKVFPKDLNLQDTLDLYFQICSIETNCDSLAVMAATLANGGVNPMNGERIVNNRACRDTLSLMYSCGMYDWSGQFAFHVGLPAKSGVSGDMIIVIPNVMGIALYSPRLDKLGNTVRGVKFAEQLVQKYNFHNYDSLIYSDNKKIDPRRQLKDDHDGQNRFMYATKLGDIAAIKRFLLMGHDIHCKDYDDRTVLHVAAAEGDVVTLEYVLSKWQEDPNPCDRYDRTPLDDAKHFNHTACVKLLEEAITVYNLKGQDD
O31465	 3.5.1.2	MKELIKEHQKDINPALQLHDWVEYYRPFAANGQSANYIPALGKVNDSQLGICVLEPDGTMIHAGDWNVSFTMQSISKVISFIAACMSRGIPYVLDRVDVEPTGDAFNSIIRLEINKPGKPFNPMINAGALTIASILPGESAYEKLEFLYSVMETLIGKRPRIHEEVFRSEWETAHRNRALAYYLKETNFLEAEVEETLEVYLKQCAMESTTEDIALIGLILAHDGYHPIRHEQVIPKDVAKLAKALMLTCGMYNASGKYAAFVGVPAKSGVSGGIMALVPPSARREQPFQSGCGIGIYGPAIDEYGNSLTGGMLLKHMAQEWELSIF
Q81YY0	 3.5.1.2	MQCIETNNLQQLLEQVKPYTKKGKLATYIPELGNANPDDLGIAIFHKETEYIHAGNSQTLFTLQSISKVITLALALLDRGEEYVFSKVGMEPTGDPFNSIIKLETTSPSKPLNPMINAGALAITSMLAGKDNEEKMERILHFVREITDNPTINYSSKVANSELETAYLNRSLCYYMKQNGIIDCDIEELMDLYTRQCAVEVNCIDLARIGLIFAMDGYDPYKKKQIIPKHITKICKTFMVTCGMYNESGEFAIRVGIPAKSGVAGGIFGCVKGEMGIGIFGPALDANGNSIAGFKILELLSAQEGWSIF
A0A328LQS6	 3.5.1.2	MQCIETNNLQQLLEQVKPYTKKGKLATYIPELGNANPNDLGIAIFHKETEYIHAGNSQTLFTLQSISKVITLALALLDRGEEYVFSKVGMEPTGDPFNSIIKLETTSSSKPLNPMINAGALAITSMLAGNDNEEKMERILQFVRDITDNPTISYSSKVATSELETAYLNRSLCYYMKQNGIIDNDIEELMDLYTRQCAIEVNCIDLARIGLIFAMDGYDPYKKKQIIPKHITKICKTFMVTCGMYNESGEFAIRVGIPAKSGVAGGIFGCVKGEMGIGIFGPALDANGNSIAGFKILELLSAQEGWSMF
A0A2S1A6R4	 3.5.1.2	MQCVETNNLKQLLEQVKPYTKKGKLATYIPELGNANPDDLGIAIYHKETEYVHAGSSQMLFTLQSISKVITLALALLDRGEEYVFSKVGMEPTGDPFNSIIKLETTSPSKPLNPMINAGALAITSMLKGANNEEKIERILNFVREITDNPTIHYSAKVATSELETAYLNRSLCYYMKQNGIIDNDIEELMDLYTRQCAIEVNCIDLARIGLIFAMDGYDPYKQKQIIPKHITKICKTFMVTCGMYNESGEFAIRVGIPAKSGVAGGIFGCVKGEMGIGIFGPALDENGNSIAGFKILELLSAQEGWSIF
C1EWD5	 3.5.1.2	MQCIETNNLQQLLEQVKPYTKKGKLATYIPELGNANPDDLGIAIFHKETEYIHAGNSQTLFTLQSISKVITLALALLDRGQEYVFSKVGMEPTGDPFNSIIKLETTSPSKPLNPMINAGALAITSMLAGKDNEEKMERILHFVREITDNPTINYSSKVANSELETAYLNRSLCYYMKQNGIIDCDIEELMDLYTRQCAVEVNCIDLARIGLIFAMDGYDPYKKKQIIPKHITKICKTFMVTCGMYNESGEFAIRVGIPAKSGVAGGIFGCVKGEMGIGIFGPALDANGNSIAGFKILELLSAQEGWSIF
Q81NN0	 3.5.1.2	MIKDSSVQVEGQEKVCLDQWVAHYRTYAAKGRSASYIPALGEINVSQLGICIVKPDGTMIKSGDWEIPFTLQSISKVIGFIAACLSRGISYVLERVDVEPTGDAFNSIIRLEIHKPGKPFNPMINAGAITIASLLPGTSVQEKLESIYVLIEKMIEKRPAINEIVFQSEWETAHRNRALAYYLKENGFLESDVEETLEVYLKQCSIEINTEDIALIGLILAHDGYHPIRKEQVLPKEVARLTKALMLTCGMYNASGKFAAFIGLPAKSGVSGGIMTLVPSKSRKDLSFQDGCGIGIYGPAIDEYGNSLPGIMLLEHIAKEWDLSIF
Q81IB3	 3.5.1.2	MQCIETNNLQQLLEQVKPYTKKGKLATYIPELGNANPDDLGIAIFHKETEYIHAGNSQTLFTLQSISKVITLALALLDRGEEYVFSKVGMEPTGDPFNSIIKLETTSPSKPLNPMINAGALAITSMLEGKDNEEKMERILHFVREITDNPTINYSSKVADSELETAYLNRSLCYYMKQNGIIDCDIEELMDLYTRQCAVEVNCIDLARIGLIFAMDGYDPYKKKQIIPKHITKICKTFMVTCGMYNESGEFAIRVGIPAKSGVAGGIFGCVKGDMGIGIFGPALDANGNSIAGFKILELLSAQEGWSIF
Q81BN7	 3.5.1.2	MIKDSSVQVEGQEKVCLDQWVAHYRAYAAKGRSASYIPALGEINVSQLGICIVKPDGTMIKSGDWEIPFTLQSISKVIGFIAACLSRGISYVLERVDVEPTGDAFNSIIRLEIHKPGKPFNPMINAGAITIASLLPGTSVQEKLESLYVLIEKMIEKRPAINEIVFQSEWETAHRNRALAYYLKENGFLESDVEETLEVYLKQCSIEINTEDIALIGLILAHDGYHPIRKEQVLPKEVARLTKALMLTCGMYNASGKFAAFIGLPAKSGVSGGIMTLVPSKSRKDLSFQDGCGIGIYGPAIDEYGNSLPGIMLLEHIAKEWDLSIF
P02918	 2.4.1.129;3.4.16.4	MKFVKYFLILAVCCILLGAGSIYGLYRYIEPQLPDVATLKDVRLQIPMQIYSADGELIAQYGEKRRIPVTLDQIPPEMVKAFIATEDSRFYEHHGVDPVGIFRAASVALFSGHASQGASTITQQLARNFFLSPERTLMRKIKEVFLAIRIEQLLTKDEILELYLNKIYLGYRAYGVGAAAQVYFGKTVDQLTLNEMAVIAGLPKAPSTFNPLYSMDRAVARRNVVLSRMLDEGYITQQQFDQTRTEAINANYHAPEIAFSAPYLSEMVRQEMYNRYGESAYEDGYRIYTTITRKVQQAAQQAVRNNVLDYDMRHGYRGPANVLWKVGESAWDNNKITDTLKALPTYGPLLPAAVTSANPQQATAMLADGSTVALSMEGVRWARPYRSDTQQGPTPRKVTDVLQTGQQIWVRQVGDAWWLAQVPEVNSALVSINPQNGAVMALVGGFDFNQSKFNRATQALRQVGSNIKPFLYTAAMDKGLTLASMLNDVPISRWDASAGSDWQPKNSPPQYAGPIRLRQGLGQSKNVVMVRAMRAMGVDYAAEYLQRFGFPAQNIVHTESLALGSASFTPMQVARGYAVMANGGFLVDPWFISKIENDQGGVIFEAKPKVACPECDIPVIYGDTQKSNVLENNDVEDVAISREQQNVSVPMPQLEQANQALVAKTGAQEYAPHVINTPLAFLIKSALNTNIFGEPGWQGTGWRAGRDLQRRDIGGKTGTTNSSKDAWFSGYGPGVVTSVWIGFDDHRRNLGHTTASGAIKDQISGYEGGAKSAQPAWDAYMKAVLEGVPEQPLTPPPGIVTVNIDRSTGQLANGGNSREEYFIEGTQPTQQAVHEVGTTIIDNGEAQELF
Q9KNU5	 2.4.1.129;3.4.16.4	MKFIKRLLVFSLICIILGVTTIFGFYFYVKSDLPDVATLRDVQLQTPMQVFSQDGKLIAQFGEKRRIPLKLEEMPKELIEAVIATEDSRYYEHYGFDPIGITRAAFAVLASGSASQGASTITQQLARNFFLSNEKKVMRKVKEIFIAIHIEQLLSKQEILELYLNKIYLGYRSYGVGAAAQAYFGKEVKDLTLGEIALIAGLPKAPSTMNPIYSVERATNRRNVVLQRMLDEKYITKAEYDAARAEPVLPKYHGAEIELNAPYVAEIARAWMVERYGEEAAYTSGMNVYTTVDSKLQRAANQAAINNLLAYDERHGYRGAEKELWQVNQPAWSSTQLSEYLSNEPTYGDMFPAAVLSVEEKSAQVWVKSYGVQTIAWEDMNWARRFINDDRQGPLPKSANEFLAAGQQIWVRPRTQDGAITAWKLTQVPNANTAFVAMNPENGAVTALVGGFNFVHNKFNRATQSVRQVGSSIKPFIYSAALNKGLTLATLINDAPINQWDESQGTAWRPKNSPPTYTGPTRLRIGLAQSKNVMAVRVLREVGLDETREYLTRFGFKLDQLPRSETIALGAGSLTPVQMAQGFSVFANNGYFVEPFYISRVENPFGNIEFSAEPKVVCHRECSSELDEFAEQDAASPYAPKVISEQNAFLTREMLYSNIWGGGEWSSDTGWNGTGWRAQALKRRDIGGKTGTTNDSKDAWYNGYAPGIVGVAWVGFDDHSRNLGKTAPNRNIEDDVSGAESGGKTALPAWVEFMSLALQDVPVQQKAVPNNIARVRIDRDTGLLTNKLDSSSMFEYFEAGTEPTEYVSEHVNESIYSTSSGEELF
P00811	 3.5.2.6	MFKTTLCALLITASCSTFAAPQQINDIVHRTITPLIEQQKIPGMAVAVIYQGKPYYFTWGYADIAKKQPVTQQTLFELGSVSKTFTGVLGGDAIARGEIKLSDPTTKYWPELTAKQWNGITLLHLATYTAGGLPLQVPDEVKSSSDLLRFYQNWQPAWAPGTQRLYANSSIGLFGALAVKPSGLSFEQAMQTRVFQPLKLNHTWINVPPAEEKNYAWGYREGKAVHVSPGALDAEAYGVKSTIEDMARWVQSNLKPLDINEKTLQQGIQLAQSRYWQTGDMYQGLGWEMLDWPVNPDSIINGSDNKIALAARPVKAITPPTPAVRASWVHKTGATGGFGSYVAFIPEKELGIVMLANKNYPNPARVDAAWQILNALQ
P24735	 3.5.2.6	MRDTRFPCLCGIAASTLLFATTPAIAGEAPADRLKALVDAAVQPVMKANDIPGLAVAISLKGEPHYFSYGLASKEDGRRVTPETLFEIGSVSKTFTATLAGYALTQDKMRLDDRASQHWPALQGSRFDGISLLDLATYTAGGLPLQFPDSVQKDQAQIRDYYRQWQPTYAPGSQRLYSNPSIGLFGYLAARSLGQPFERLMEQQVFPALGLEQTHLDVPEAALAQYAQGYGKDDRPLRVGPGPLDAEGYGVKTSAADLLRFVDANLHPERLDRPWAQALDATHRGYYKVGDMTQGLGWEAYDWPISLKRLQAGNSTPMALQPHRIARLPAPQALEGQRLLNKTGSTNGFGAYVAFVPGRDLGLVILANRNYPNAERVKIAYAILSGLEQQGKVPLKR
P05193	 3.5.2.6	MMKKSICCALLLTASFSTFAAAKTEQQIADIVNRTITPLMQEQAIPGMAVAIIYEGKPYYFTWGKADIANNHPVTQQTLFELGSVSKTFNGVLGGDRIARGEIKLSDPVTKYWPELTGKQWRGISLLHLATYTAGGLPLQIPGDVTDKAELLRFYQNWQPQWTPGAKRLYANSSIGLFGALAVKSSGMSYEEAMTRRVLQPLKLAHTWITVPQSEQKNYAWGYLEGKPVHVSPGQLDAEAYGVKSSVIDMARWVQANMDASHVQEKTLQQGIELAQSRYWRIGDMYQGLGWEMLNWPLKADSIINGSDSKVALAALPAVEVNPPAPAVKASWVHKTGSTGGFGSYVAFVPEKNLGIVMLANKSYPNPARVEAAWRILEKLQ
P18539	 3.5.2.6	MTKMNRCAALIAALILPTAHAAQQQDIDAVIQPLMKKYGVPGMAIAVSVDGKQQIYPYGVASKQTGKPITEQTLFEVGSLSKTFTATLAVYAQQQSKLSFKDPASHYLPDVRGSAFDGVSLLNLATHTSGLPLFVPDDVTNNAQLMAYYRAWQPKHPAGSYRVYSNLGIGMLGMIAAKSLDQPFIQAMEQGMLPALGMSHTYVQVPAAQMANYAQGYSKDDKPVRVNPGPLDAESYGIKSNARDLIRYLDANLQQVKVASVARRWPRRTSVITSAGAFTQDLMWENYPYPVKLSRLIEGNNAGMIMNGTPATAITPPQPELRAGWYNKTGSTGGFSTYAVFIPAKNIAVEMLANKWFPNDDRVEAAYHIIQALEKR
P77454	 3.5.1.2	MLDANKLQQAVDQAYTQFHSLNGGQNADYIPFLANVPGQLAAVAIVTCDGNVYSAGDSDYRFALESISKVCTLALALEDVGPQAVQDKIGADPTGLPFNSVIALELHGGKPLSPLVNAGAIATTSLINAENVEQRWQRILHIQQQLAGEQVALSDEVNQSEQTTNFHNRAIAWLLYSAGYLYCDAMEACDVYTRQCSTLLNTIELATLGATLAAGGVNPLTHKRVLQADNVPYILAEMMMEGLYGRSGDWAYRVGLPGKSGVGGGILAVVPGVMGIAAFSPPLDEDGNSVRGQKMVASVAKQLGYNVFKG
A0A200LIP4	 3.5.1.2	MLDANKLQQAVDQAYTQFHSLNGGQNADYIPFLANVPGQLAAVAIVTCDGNVYSAGDSDYRFALESISKVCTLALALEDVGPQAVQDKIGADPTGLPFNSVIALELHGGKPLSPLVNAGAIATTSLINAENAEQRWQRILHIQQQLAGEQVALSDEVNQSEQTTNFHNRAIAWLLYSAGYLYCDAMEACDVYTRQCSTLINTVELATLGATLAAGGVNPLTHKRVLQADNVPYILAEMMMEGLYGRSGDWAYRVGLPGKSGVGGGILAVVPGVMGIAAFSPPLDEEGNSVRGQKMVASVAKQLGYNVFKG
Q325B0	 3.5.1.2	MLDANKLQQAVDQAYTQFHSLNGGQNADYIPFLANVPGQLAVVAIVTCDGNVYSAGDSDYRFALESISKVCTLALALEDVGPQAVQDKIGADPTGLPFNSVIALELHGGKPLSPLVNAGAIATTSLINAENIEQRWQRILHIQQQLAGEQVALSDEVNQSEQTTNFHNRAIAWLLYSAGYLYCDAMEACDVYTRQCSTLINTVELATLGATLAAGGLNPLTHKRVLQADNVPYILAEMMMEGLYGRSGDWAYRVGLPGKSGVGGGILAVVPGVMGIAAFSPPLDEEGNSVRGQKMVASVAKQLGYNVFKG
A0A376DEC3	 3.5.1.2	MLDANKLQQAVDQAYTQFHSLNGGQNADYIPFLANVPGQLAAVAIVTSDGNVYSAGDSDYRFALESISKVCTLALALEDVGPQAVQDKVGADPTGLPFNSVIALELHGGKPLSPLVNAGAIATTSLINAENTEQRWQRILHIQQQLAGEQVALSDEVNQSEQTTNFHNRAIAWLLYSAGYLYCDAMEACDVYTRQCSTLINTIELATLGATLAAGGVNPLTHKRVLQANNVPYILAEMMMEGLYGRSGDWAYRVGLPGKSGVGGGILAVVPGVMGIAAFSPPLDEEGNSVRGQKMVASVAKQLGYNVFKG
Q8XD23	 3.5.1.2	MLDANKLQQAVDQAYTQFHSLNGGQNADYIPFLANVPGQLAAVAIVTSDGNVYSAGDSDYRFALESISKVCTLALALEDVGPQAVQDKIGADPTGLPFNSVIALELHGGKPLSPLVNAGAIATTSLINAENAEQRWQRILHIQQQLAGELVALSDEVNQSEQTTNFHNRAIAWLLYSAGYLYCDAMEACDVYTRQCSTLINTVELATLGATLAAGGVNPLTHKRVLQADNVPYILAEMMMEGLYGRSGDWAYRVGLPGKSGVGGGILAVVPGVMGIAAFSPPLDEEGNSVRGQKMVASVAKQLGYNVFKG
A0A192CJG0	 3.5.1.2	MLDANKLQQAVDQAYTQFHSLNGGQNADYIPFLANVPGQLAAVAIVTSDGNVYSAGDSDYRFALESISKVCTLALALEDVGPQAVQDKVGADPTGLPFNSVIALELHGGKPLSPLVNAGAIATTSLINAENTEQRWQRILHIQQQLAGEQVALSDEVNQSEQTTNFHNRAIAWLLYSAGYLYCDAMEACDVYTRQCSTLINTIELATLGATLAAGGVNPLTHKRVLQADNVPYILAEMMMEGLYGRSGDWAYRVGLPGKSGVGGGILAVVPGVMGIAAFSPPLDEEGNSVRGQKMVASVAKQLGYNVFKG
P24228	 3.4.16.4	MRFSRFIIGLTSCIAFSVQAANVDEYITQLPAGANLALMVQKVGASAPAIDYHSQQMALPASTQKVITALAALIQLGPDFRFTTTLETKGNVENGVLKGDLVARFGADPTLKRQDIRNMVATLKKSGVNQIDGNVLIDTSIFASHDKAPGWPWNDMTQCFSAPPAAAIVDRNCFSVSLYSAPKPGDMAFIRVASYYPVTMFSQVRTLPRGSAEAQYCELDVVPGDLNRFTLTGCLPQRSEPLPLAFAVQDGASYAGAILKDELKQAGITWSGTLLRQTQVNEPGTVVASKQSAPLHDLLKIMLKKSDNMIADTVFRMIGHARFNVPGTWRAGSDAVRQILRQQAGVDIGNTIIADGSGLSRHNLIAPATMMQVLQYIAQHDNELNFISMLPLAGYDGSLQYRAGLHQAGVDGKVSAKTGSLQGVYNLAGFITTASGQRMAFVQYLSGYAVEPADQRNRRIPLVRFESRLYKDIYQNN
Q04707	 2.4.1.129;3.4.16.4	MNKPTILRLIKYLSISFLSLVIAAIVLGGGVFFYYVSKAPSLSESKLVATTSSKIYDNKNQLIADLGSERRVNAQANDIPTDLVKAIVSIEDHRFFDHRGIDTIRILGAFLRNLQSNSLQGGSTLTQQLIKLTYFSTSTSDQTISRKAQEAWLAIQLEQKATKQEILTYYINKVYMSNGNYGMQTAAQNYYGKDLNNLSLPQLALLAGMPQAPNQYDPYSHPEAAQDRRNLVLSEMKNQGYISAEQYEKAVNTPITDGLQSLKSASNYPAYMDNYLKEVINQVEEETGYNLLTTGMDVYTNVDQEAQKHLWDIYNTDEYVAYPDDELQVASTIVDVSNGKVIAQLGARHQSSNVSFGINQAVETNRDWGSTMKPITDYAPALEYGVYDSTATIVHDEPYNYPGTNTPVYNWDRGYFGNITLQYALQQSRNVPAVETLNKVGLNRAKTFLNGLGIDYPSIHYSNAISSNTTESDKKYGASSEKMAAAYAAFANGGTYYKPMYIHKVVFSDGSEKEFSNVGTRAMKETTAYMMTDMMKTVLTYGTGRNAYLAWLPQAGKTGTSNYTDEEIENHIKTSQFVAPDELFAGYTRKYSMAVWTGYSNRLTPLVGNGLTVAAKVYRSMMTYLSEGSNPEDWNIPEGLYRNGEFVFKNGARSTWNSPAPQQPPSTESSSSSSDSSTSQSSSTTPSTNNSTTTNPNNNTQQSNTTPDQQNQNPQPAQP
P38050	 2.4.1.129;3.4.16.4	MFKIKKKKLFIPIIILVLTAFLALIGYISIIFLGHYVIDEKKLILHASSKIVDQNGDEVASLYTENREPVSINEIPKQVREAFIAVEDKRFYEHHGIDAKSVGRAVYRDILAGGKVEGGSTITQQLAKNIFLTHDKTFLRKTKEVIIAINLERDYSKDKLLEMYLNQLYFGHGVYGIQAASHYYFNKEVKDLTVSEGAVLAAIPKAPSTYSPILHPDKNKERRDTILGMMNDQGYISAKEAVTAQGRTLGLHVKKQSETPWFDSYIDLVIKEAEDKYSISGEQLLQGGYTIKVPLDSKLQKTAYQVMKEGSYYPGTDQNAEGSAVFINNKTGGVEAAIGGRDYTSKGYNRVTAVRQPGSTFKPLAVYGPAMQEKKFKPYSLLKDELQSYGDYTPKNYDSRYEGEVTMSDAITYSKNAPAVWTLNEIGVETGKSYLKANGIDIPDEGLALALGGLEKGVSPLQLAGAFHTFAANGTYTEPFFISSIIDEDGETIADHKEEGKRVFSKQTSWNMTRMLQQVVKKGTATSGTYHGDLAGKTGSTSYTGVSGATKDAWFAGYTPKITGAVWMGYDKTDQNHYLKAGSSYPTRLFKDILTQAGETGHVFTKPKNVKELESPIELKPVKTLTADYTFKAAGLFTIELKWDAQEDDRAVYRIYVNKDGEETLLDSVEGKGSYEIPYANLFSGASYKIVPYNTQTKREGEGTDYVQPKLFSS
Q8DR59	 2.4.1.129;3.4.16.4	MNKPTILRLIKYLSISFLSLVIAAIVLGGGVFFYYVSKAPSLSESKLVATTSSKIYDNKNQLIADLGSERRVNAQANDIPTDLVKAIVSIEDHRFFDHRGIDTIRILGAFLRNLQSNSLQGGSALTQQLIKLTYFSTSTSDQTISRKAQEAWLAIQLEQKATKQEILTYYINKVYMSNGNYGMQTAAQNYYGKDLNNLSLPQLALLAGMPQAPNQYDPYSHPEAAQDRRNLVLSEMKNQGYISAEQYEKAVNTPITDGLQSLKSASNYPAYMDNYLKEVINQVEEETGYNLLTTGMDVYTNVDQEAQKHLWDIYNTDEYVAYPDDELQVASTIVDVSNGKVIAQLGARHQSSNVSFGINQAVETNRDWGSTMKPITDYAPALEYGVYESTATIVHDEPYNYPGTNTPVYNWDRGYFGNITLQYALQQSRNVPAVETLNKVGLNRAKTFLNGLGIDYPSIHYSNAISSNTTESDKKYGASSEKMAAAYAAFANGGTYYKPMYIHKVVFSDGSEKEFSNVGTRAMKETTAYMMTDMMKTVLSYGTGRNAYLAWLPQAGKTGTSNYTDEEIENHIKTSQFVAPDELFAGYTRKYSMAVWTGYSNRLTPLVGNGLTVAAKVYRSMMTYLSEGSNPEDWNIPEGLYRNGEFVFKNGARSTWSSPAPQQPPSTESSSSSSDSSTSQSSSTTPSTNNSTTTNPNNNTQQSNTTPDQQNQNPQPAQP
P76577	 2.4.1.129	MPRLLTKRGCWITLAAAPFLLFLAAWGADKLWPLPLHEVNPARVVVAQDGTPLWRFADADGIWRYPVTIEDVSPRYLEALINYEDRWFWKHPGVNPFSVARAAWQDLTSGRVISGGSTLTMQVARLLDPHPKTFGGKIRQLWRALQLEWHLSKREILTLYLNRAPFGGTLQGIGAASWAYLGKSPANLSYSEAAMLAVLPQAPSRLRPDRWPERAEAARNKVLERMAVQGVWSREQVKESREEPIWLAPRQMPQLAPLFSRMMLGKSKSDKITTTLDAGLQRRLEELAQNWKGRLPPRSSLAMIVVDHTDMRVRGWVGSVDLNDDSRFGHVDMVNSIRSPGSVLKPFVYGLALDEGLIHPASLLQDVPRRTGDYRPGNFDSGFHGPISMSEALVRSLNLPAVQVLEAYGPKRFAAKLRNVGLPLYLPNGAAPNLSLILGGAGAKLEDMAAAYTAFARHGKAGKLRLQPDDPLLERPLMSSGAAWIIRRIMADEAQPLPDSALPRVAPLAWKTGTSYGYRDAWAIGVNARYVIGIWTGRPDGTPVVGQFGFASAVPLLNQVNNILLSRSANLPEDPRPNSVTRGVICWPGGQSLPEGDGNCRRRLATWLLDGSQPPTLLLPEQEGINGIRFPIWLDENGKRVAADCPQARQEMINVWPLPLEPWLPASERRAVRLPPASTSCPPYGHDAQLPLQLTGVRDGAIIKRLPGAAEATLPLQSSGGAGERWWFLNGEPLTERGRNVTLHLTDKGDYQLLVMDDVGQIATVKFVMQ
P38422	 3.4.16.4	MKRLLSTLLIGIMLLTFAPSAFAKQDGKRTSELAHEAKSAVLIERDTGKVLYNKNSNERLAPASMTKIMTMLLIMEALDKGKIKMSDKVRTSEHAASMGGSQIFLEPGEEMTVKEMLKGIAIASGNDASVAMAEFISGSEEEFVKKMNKKAKELGLKNTSFKNPTGLTEEGHYSSAYDMAIMAKELLKYESITKFTGTYEDYLRENTDKKFWLVNTNRLIKFYPGVDGVKTGYTGEAKYCLTASAKKGNMRAIAVVFGASTPKERNAQVTKMLDFAFSQYETHPLYKRNQTVAKVKVKKGKQKFIELTTSEPISILTKKGEDMNDVKKEIKMKDNISAPIQKGQELGTLVLKKDGEVLAESPVAAKEDMKKAGFITFLKRTMGDWTKFK
P08750	 3.4.16.4	MNIKKCKQLLMSLVVLTLAVTCLAPMSKAKAASDPIDINASAAIMIEASSGKILYSKNADKRLPIASMTKMMTEYLLLEAIDQGKVKWDQTYTPDDYVYEISQDNSLSNVPLRKDGKYTVKELYQATAIYSANAAAIAIAEIVAGSETKFVEKMNAKAKELGLTDYKFVNATGLENKDLHGHQPEGTSVNEESEVSAKDMAVLADHLITDYPEILETSSIAKTKFREGTDDEMDMPNWNFMLKGLVSEYKKATVDGLKTGSTDSAGSCFTGTAERNGMRVITVVLNAKGNLHTGRFDETKKMFDYAFDNFSMKEIYAEGDQVKGHKTISVDKGKEKEVGIVTNKAFSLPVKNGEEKNYKAKVTLNKDNLTAPVKKGTKVGKLTAEYTGDEKDYGFLNSDLAGVDLVTKENVEKANWFVLTMRSIGGFFAGIWGSIVDTVTGWF
P70997	 2.4.1.129;3.4.16.4	MDAMTNKRLRLTLKTVRAFIFLGAFAALAAAAVFMTVILIAKYQGAPSVQVPQSTILYASDGSKLGETNYGEKRYWVPLKDMNPTIVKATVAIEDQNFYDHHGFDYKRMAGAALADLKAFAKVQGASTITQQYARNLYLEHDKTWKRKWNEAFYTIRLEQNYSKDEILEGYLNTIYYGHGAYGIEAASRLYFGKHAKNLTDAEAALLAGIPKGPSGYSPYVNETKAKERQKTIVRMMEKQQMISQKKADELIKEPLSYQPLNKQVSKRKAPYFYDNAMRELEKKLGMTREQIETSGLNVYTTVDKRMQRIAEETITETVNAGSDIQVGFSAIDPRTGNVLALVGGRDYQKSPFDRTTQAKRQPASTIKPLLYYKAIQSGFTPVTLMKSEETEFQIDAKGETYSPSNYNGYYANKPITLLQALALSDNIYAVKTHLFLGTNKLVKTAKEFGITAHLQALPSLALGTEPVRPIEMVNAYAMLANGGKKIEPTFISRVTDAAGHVLYENPNQHKQVLDEKAAFVTASMMTGMFDIDLNGYTSVTGRTIANRLTRTYAGKSGTTSADSWMIGFNPKLAAGVWTGYDKNSTIDSVEEKSYAKTIWADFMEDALKGEPETAFKPPKGVTGVYIDPETGYSSGPGCAAKHYTYFVKGTEPANVCYGAEPAKQTKDRLPSKEKPASEKKWWDKWLGRHH
P9WKD3	 3.5.2.6	MRNRGFGRRELLVAMAMLVSVTGCARHASGARPASTTLPAGADLADRFAELERRYDARLGVYVPATGTTAAIEYRADERFAFCSTFKAPLVAAVLHQNPLTHLDKLITYTSDDIRSISPVAQQHVQTGMTIGQLCDAAIRYSDGTAANLLLADLGGPGGGTAAFTGYLRSLGDTVSRLDAEEPELNRDPPGDERDTTTPHAIALVLQQLVLGNALPPDKRALLTDWMARNTTGAKRIRAGFPADWKVIDKTGTGDYGRANDIAVVWSPTGVPYVVAVMSDRAGGGYDAEPREALLAEAATCVAGVLA
P28018	 3.5.2.6	MKNKRMLKIGMCVGILGLSVTSLEAFTGGALQVEAKEKTGQVKHKNQATHKEFSQLEKKFDARLGVYAIDTGTNQTISYRHNERFAFASTYKALAAGVLLQQNSIDTLNEVIKFTKEDLVDYSPVTEKHVDTGMKLGEIAEAAVRSSDNTAGNILFHKIGGPKGYEKALRQIGDRVTMSDRFETELNEAIPGDIRDTSTAKAIASNLKAFTVGNALPAEKRKILTEWMKGNATGDKLIRAGVPTDWIVGDKSGAGSYGTRNDIAIVWPPNRAPIIIAILSSKDEKEATYDNQLIAEAPEVIVKSLK
P00809	 3.5.2.6	MILKNKRMLKIGICVGILGLSITSLEAFTGESLQVEAKEKTGQVKHKNQATHKEFSQLEKKFDARLGVYAIDTGTNQTISYRPNERFAFASTYKALAAGVLLQQNSIDSLNEVITYTKEDLVDYSPVTEKHVDTGMKLGEIAEAAVRSSDNTAGNILFNKIGGPKGYEKALRHMGDRITMSNRFETELNEAIPGDIRDTSTAKAIATNLKAFTVGNALPAEKRKILTEWMKGNATGDKLIRAGIPTDWVVGDKSGAGSYGTRNDIAVVWPPNSAPIIVLISSKDEKEAIYNDQLIAEATKVIVKGS
Q45726	 3.5.2.6	MMILKNKRMLKIGICVGILGLSITSLEAFTGGALQVEAKQKTGQVKHKNQATHKEFSQLEKKFDARVGVYAIDTGTNQTISYRSNERFAFASTYKALAAGVLLQQNSIDTLNEVITFTKEDLVDYSPVTEKHVDTGMKLGEIAEAAVRSSDNTAGNILFNKIGGPKGYEKALRKMGDRVTMSDRFETELNEAIPGDIRDTSTAKRIATNLKAFTVGNALPAEKRKILTEWMKGNATGDKLIRAGVPTDWVVGDKSGAGSYGTRNDIAIVWPPNRAPIIIAILSSKDEKEASYDNQLIAEATEVIVKALK
O66874	 2.4.1.129;3.4.16.4	MKKLVIGILGIVIALFVGLLVFLIPIYKNLPDPKLLESWTPPQASEVYDAKGRLYGTIGIQKRFYVSIDKIPEHVINAFVATEDRNFWHHFGIDPVAIVRAAIVNYRAGRIVQGGSTITQQLAKNLFLTRERTLERKIKEALLAIKIERTFDKKKIMELYLNQIYLGSGAYGVEAAAQVYFGKHVWELSLDEAALLAALPKAPAKYNPFYHPERALQRRNLVLKRMLEEGYITPEQYEEAVNKPLTVKKENKYKFSDYFLDMVKSYVFNKYGEIAYKGRLKIYTTIDLDYQKIAQKSLEEGLKRVAKIIGLPFLPKSEEDMELAYEKEAQLKRLKRGKIYVAKILKYDGNFMKVEIHGKKLKGEIKGLNTEGHKYVFVKYLGGNRAEIIPDLEGSLVSIDVKTGEIKAIVGGRSYAYSQFNRAVKALRQPGSAIKPVIYLSALLKGMTQISTIDASSKPYYDPSKGEDWIPKNYDEKEYGNVTLRYALAHSINTAAVNLLDKVGFELVLEVGKKVGLDNLKPYYSLALGTVEVTPLQLTAAYQVFANLGTECKPFFIKKIVDENGEVLEENVPECEEVLPKPETRVPVDMLRAVVLEGTARRASVLDRIVAGKTGTTDDFQDAWFVGFSPYIVTGVWVGYDVKKSLGKHMSGSRVALPIWIDYMKVVTRMYPNEDFELPPENIVVNINPKDLVLADETCEGVPMVFVKGTEPHITCSDLNAILGLR
P0A0Z5	 2.4.1.129;3.4.16.4	MIKKILTTCFGLVFGFCVFGVGLVAIAILVTYPKLPSLDSLQHYQPKMPLTIYSADGEVIGMYGEQRREFTKIGDFPEVLRNAVIAAEDKRFYRHWGVDVWGVARAAVGNVVSGSVQSGASTITQQVAKNFYLSSEKTFTRKFNEVLLAYKIEQSLSKDKILELYFNQIYLGQRAYGFASAAQIYFNKNVRDLTLAEAAMLAGLPKAPSAYNPIVNPERAKLRQKYILNNMLEEKMITVQQRDQALNEELHYERFVRKIDQSALYVAEMVRQELYEKYGEDAYTQGFKVYTTVRADHQKVATEALRKALRNFDRGSSYRGAENYIDLSKSEDVEETVSQYLSGLYTVDKMVPAVVLDVTKKKNVVIQLPGGRRVTLDRRALGFAARAVNNEKMGEDRIRRGAVIRVKNNGGRWAVVQEPLLQGALVSLDAKTGAVRALVGGYDFHSKTFNRAVQAMRQPGSTFKPFVYSAALSKGMTASTVVNDAPISLPGKGPNGSVWTPKNSDGRYSGYITLRQALTASKNMVSIRILMSIGVGYAQQYIRRFGFRSSELPASLSMALGTGETTPLKVAEAYSVFANGGYRVSSHVIDKIYDRDGRLRAQMQPLVAGQNAPQAIDPRNAYIMYKIMQDVVRVGTARGAAALGRTDIAGKTGTTNDNKDAWFVGFNPDVVTAVYIGFDKPKSMGRVGYGGTIAVPVWVDYMRFALKGKQGKGMKMPEGVVSSNGEYYMKERMVTDPGLTLDNSGIAPQPSRRAKEDDGGAAEGGRQAADDEVRQDMQETPVLPSNTGSKQQQLDSLF
O86088	 2.4.1.129;3.4.16.4	MIKKIVTTCFGLVLGLCVFGVGLVAIAILVTYPKLPSLDSLQHYQPKMPLTIYSADGEVIGIYGEQRREFTKIGDFPEVLRNAVIAAEDKRFYQHWGVDVWGVARAVVGNIVAGGVQSGASTITQQVAKNFYLSSEKTFTRKFNEALLAYKIEQSLSKDKILELYFNQIYLGQRAYGFASAAQIYFNKDVRELTLAEVAMLAGLPKAPSAYNPIVNPERAKLRQKYILNNMLEEKMITLQQRDQALNEELHYERFVQKIDQSALYVAEMVRQELYEKYGEDAYTQGFKVYTTVRTDHQKVATEALRKALRNFDRGSSYRGAESYIDLSKGEDVEETVSQYLSGLYTVDKMVPAIVLDVTKRKNVVIQLPSGKRVTLDGRSLGFAARAVNNEKMGESRIRRGSVIRVRNNGGRWVVVQEPLLQATLVSLDAKTGAVRALVGGYDFHSKTFNRAAQAMRQPGSTFKPFIYSAALSKGMTASTMVNDAPISLPGKGANGSVWTPKNSDGRYSGYITLRQALTASKNMVSIRILMSIGVGYAHEYIQRFGFKPSELPASLSMALGTGETTPLKIAEAYSVFANGGYRVSSHVIDKIYGSDGRLRAQMQPLVAGQNAPQAIDPRNAYIMYKIMQDVVRVGTARGAAALGRSDIAGKTGTTNDNKDAWFVGFNPDVVTAVYIGFDKPKSMGRAGYGGTIAVPVWVDYMRFALKGGQGKGMKVPEGVVSSNGEYYMKERMVTDPGLVVDNSGIAAQPSRRIREDKEAGAEDVERGAADEVRQEVQETPVLPSNTGSKQPQLDSLF
O87579	 2.4.1.129;3.4.16.4	MIKKIMTTCFGLVFGLCVFAVGLLAIAILATYPKLPSLDSLQHYQPKMPLTVYSADGKIIGIYGEQRREFTKIGDFPEVLRNAVIAAEDKRFYQHWGVDVWGVARAVVGNIVSGSMQSGASTITQQVAKNFYLSSEKTFTRKFNEALLAYKIEQSLSKDKILELYFNQIYLGQRAYGFASAAQIYFNKDVRDLTLAEAAMLAGLPKAPSAYNPIVNPERAKLRQKYILNNMLEEKMITLQQRDQALNEELHYERFVQKIDQSALYVAEMVRQELYEKYGEDAYTQGLKVYTTVRTDHQKAATEALRKALRNFDRGSSYRGAESYIDLGRDEDAEEAVSQYLSGLYTVDKMVPAVVLDVTKKKNVVIQLPGGKRVTLDRRALGFAARAVDNEKMGEDRIRRGAVIRVRNNGGRWAVVQEPLLQGALVSLDAKTGAVRALVGGYDFHSKTFNRATQAMRQPGSTFKPFVYSAALSKGMTASTMINDAPISLPGKGPNGSVWTPKNSDGRYSGYITLRQALTASKNMVSIRILMSIGVGYAQQYIRRFGFKPSELPVSLSMALGTGETTPLRIAEAYSVFANGGYRVSSYVIDKIYDSEGRLRAQMQPLVAGQNAPQAIDPRNAYIMYKIMQDVVRVGTARGASALGRSDIAGKTGTTNDNKDAWFVGFNPDVVTAVYIGFDKPKSMGRAGYGGTIAVPVWVDYMRFALKGRPGKGMKMPDGVVAGNGEYYMKEHMVTDPGLMLDNGGAAPQPSRRVKEDDGGAAEGGRQEADDESRQDMQETPVLPSNTDSKRQQLDSLF
O05131	 2.4.1.129;3.4.16.4	MIKKILTTCFGLFFGFCVFGVGLVAIAILVTYPKLPSLDSLQHYQPKMPLTIYSADGEVIGMYGEQRREFTKIGDFPEVLRNAVIAAEDKRFYRHWGVDVWGVARAAVGNVVSGSVQSGASTITQQVAKNFYLSSEKTFTRKFNEVLLAYKIEQSLSKDKILELYFNQIYLGQRAYGFASAAQIYFNKNVRDLTLAEAAMLAGLPKAPSAYNPIVNPERAKLRQKYILNNMLEEKMITVQQRDQALNEELHYERFVRKIDQSALYVAEMVRRELYEKYGEDAYTQGFKVYTTVRTDHQKAATEALRKALRNFDRGSSYRGAENYIDLSKSEDVEETVSQYLSGLYTVDKMVPAVVLDVTKKKNVVIQLPGGRRVALDRRALGFAARAVDNEKMGEDRIRRGAVIRVKNNGGRWAVVQEPLLQGALVSLDAKTGAVRALVGGYDFHSKTFNRAVQAMRQPGSTFKPFVYSAALSKGMTASTVVNDAPISLPGKGPNGSVWTPKNSDGRYSGYITLRQALTASKNMVSIRILMSIGVGYAQQYIRRFGFRPSELPASLSMALGTGETTPLKVAEAYSVFANGGYRVSSHVIDKIYDRDGRLRAQMQPLVAGQNAPQAIDPRNAYIMYKIMQDVVRVGTARGAAALGRTDIAGKTGTTNDNKDAWFVGFNPDVVTAVYIGFDKPKSMGRAGYGGTIAVPVWVDYMRFALKGKQGKGMKMPEGVVSSNGEYYMKERMVTDPGLMLDNSGIAPQPSRRAKEDDEAAVENEQQGRSDETRQDVQETPVLPSNTDSKQQQLDSLF
P31776	 2.4.1.129;3.4.16.4	MRIAKLILNTLLTLCILGLVAGGMLYFHLKSELQQPMQIYTADGKLIGEVGEQRRIPVKLADVPQRLIDAFLATEDSRFYDHHGLDPIGIARALFVAVSNGGASQGASTITQQLARNFFLTSEKTIIRKAREAVLAVEIENTLNKQEILELYLNKIFLGYRSYGVAAAAQTYFGKSLNELTLSEMAIIAGLPKAPSTMNPLYSLKRSEERRNVVLSRMLDEKYISKEEYDAALKEPIVASYHGAKFEFRADYVTEMVRQEMVRRFGEENAYTSGYKVFTTVLSKDQAEAQKAVRNNLIDYDMRHGYRGGAPLWQKNEAAWDNDRIVGFLRKLPDSEPFIPAAVIGIVKGGADILLASGEKMTLSTNAMRWTGRSNPVKVGEQIWIHQRANGEWQLGQIPAANSALVSLNSDNGAIEAVVGGFSYEQSKFNRATQSLVQVGSSIKPFIYAAALEKGLTLSSVLQDSPISIQKPGQKMWQPKNSPDRYDGPMRLRVGLGQSKNIIAIRAIQTAGIDFTAEFLQRFGFKRDQYFASEALALGAASFTPLEMARAYAVFDNGGFLIEPYIIEKIQDNTGKDLFIANPKIACIECNDIPVIYGETKDKINGFANIPLGENALKPTDDSTNGEELDQQPETVPELPELQSNMTALKEDAIDLMAAAKNASSKIEYAPRVISGELAFLIRSALNTAIYGEQGLDWKGTSWRIAQSIKRSDIGGKTGTTNSSKVAWYAGFGANLVTTTYVGFDDNKRVLGRGEAGAKTAMPAWITYMKTALSDKPERKLSLPPKIVEKNIDTLTGLLSPNGGRKEYFIAGTEPTRTYLSEMQERGYYVPTELQQRLNNEGNTPATQPQELF
Q07806	 2.4.1.129;3.4.16.4	MRLLKFLWWTCVTLICGVLLSFSGAYLYLSPSLPSVEALRNVQLQIPLKVYSEDGKLISEFGEMRRTPIRFADIPQDFIHALLSAEDDNFANHYGVDVKSLMRAAAQLLKSGHIQTGGSTITMQVAKNYFLTNERSFSRKINEILLALQIERQLTKDEILELYVNKIYLGNRAYGIEAAAQVYYGKPIKDLSLAEMAMIAGLPKAPSRYNPLVNPTRSTERRNWILERMLKLGFIDQQRYQAAVEEPINASYHVQTPELNAPYIAEMARAEMVGRYGSEAYTEGYKVITTVRSDLQNAASQSVRDGLIDYDQRHGYRGPETRLPGQTRDAWLKHLGQQRSIGGLEPAIVTQVEKSGIMVMTRDGKEEAVTWDSMKWARPFLSNNSMGPMPRQPADVAQAGDQIRVQRQEDGTLRFVQIPAAQSALISLDPKDGAIRSLVGGFSFEQSNYNRAIQAKRQPGSSFKPFIYSAALDNGFTAASLVNDAPIVFVDEYLDKVWRPKNDTNTFLGPIPLREALYKSRNMVSIRVLQGLGIERAISYITKFGFQRDELPRNFSLALGTATVTPMEIAGAWSVFANGGYKVNPYVIERIESRDGQVLYQANPPRVPVEEQVAADAEDAGNPGDPEHPESAEGEGSIEAQQVAAKAQTTFEPTPAERIIDARTAYIMTSMLQDVIKRGTGRRALALKRTDLAGKTGTTNDSKDGWFSGYNSDYVTSVWVGFDQPETLGRREYGGTVALPIWIRYMGFALKDKPMHTMAEPPGIVSLRIDPVTGRSAAPGTPGAYFEMFKNEDTPPSVNELPPGSFPGSPLPDDEGAPIDLF
Q8A4M8	 3.5.1.2	MDKKVTLAQLKEVVQEAYDQVKTNTGGKNADYIPYLANVNKDLFGISVCLLNGQTIHVGDTDYRFGIESVSKVHTAILALRQYGAKEILDKIGADATGLPFNSIIAILLENDHPSTPLVNAGAISACSMVQPIGDSAKKWDAIVENVTDLCGSAPQLIDELYKSESDTNFNNRSIAWLLKNYNRIYDDPDMALDLYTRQCSLGVTALQLSVAAGTIANGGVNPVTKKEVFDASLAPKITAMIAAVGFYEHTGDWMYTSGIPAKTGVGGGVMGVLPGQFGIAAFAPPLDGAGNSVKAQLAIQYVMNKLGLNVFSDNHLIVVD
P08149	 3.4.16.4	MLIKSEYKPRMLPKEEQVKKPMTSNGRISFVLMAMAVLFACLIARGLYLQTVTYNFLKEQGDNRIVRTQALPATRGTVSDRNGAVLALSAPTESLFAVPKDMKEMPSAAQLERLSELVDVPVDVLRNKLEQKGKSFIWIKRQLDPKVAEEVKALGLENFVFEKELKRHYPMGNLFAHVIGFTDIDGKGQEGLELSLEDSLYGEDGAEVVLRDRQGNIVDSLDSPRNKAPQNGKDIILSLDQRIQTLAYEELNKAVEYHQAKAGTVVVLDARTGEILALANTPAYDPNRPGRADSEQRRNRAVTDMIEPGSAIKPFVIAKALDAGKTDLNERLNTQPYKIGPSPVRDTHVYPSLDVRGIMQKSSNVGTSKLSARFGAEEMYDFYHELGIGVRMHSGFPGETAGLLRNWRRWRPIEQATMSFGYGLQLSLLQLARAYTALTHDGVLLPLSFEKQAVAPQGKRIFKESTAREVRNLMVSVTEPGGTGTAGAVDGFDVGAKTGTARKFVNGRYADNKHVATFIGFAPAKNPRVIVAVTIDEPTAHGYYGGVVAGPPFKKIMGGSLNILGISPTKPLTAAAVKTPS
P0A0U8	 3.4.16.4	MLIKSEYKPRMLPKEEQVKKPMTSNGRISFVLMAIAVLFAGLIARGLYLQTVTYNFLKEQGDNRIVRTQTLPATRGTVSDRNGAVLALSAPTESLFAVPKEMKEMPSAAQLERLSELVDVPVDVLRNKLEQKGKSFIWIKRQLDPKVAEEVKALGLENFVFEKELKRHYPMGNLFAHVIGFTDIDGKGQEGLELSLEDSLHGEDGAEVVLRDRQGNIVDSLDSPRNKAPKNGKDIILSLDQRIQTLAYEELNKAVEYHQAKAGTVVVLDARTGEILALANTPAYDPNRPGRADSEQRRNRAVTDMIEPGSAIKPFVIAKALDAGKTDLNERLNTQPYKIGPSPVRDTHVYPSLDVRGIMQKSSNVGTSKLSARFGAEEMYDFYHELGIGVRMHSGFPGETAGLLRNWRRWRPIEQATMSFGYGLQLSLLQLARAYTALTHDGVLLPVSFEKQAVAPQGKRIFKESTAREVRNLMVSVTEPGGTGTAGAVDGFDVGAKTGTARKFVNGRYADNKHIATFIGFAPAKNPRVIVAVTIDEPTAHGYYGGVVAGPPFKKIMGGSLNILGISPTKPLTAAAVKTPS
P77619	 3.4.16.4	MKRTMLYLSLLAVSCSVSAAKYPVLTESSPEKAGFNVERLNQMDRWISQQVDVGYPSVNLLIIKDNQIVYRKAWGAAKKYDGSVLMEQPVKATTGTLYDLASNTKMYATNFALQKLMSEGKLHPDDRIAKYIPGFADSPNDTIKGKNTLRISDLLHHSGGFPADPQYPNKAVAGALYSQDKGQTLEMIKRTPLEYQPGSKHIYSDVDYMLLGFIVESVTGQPLDRYVEESIYRPLGLTHTVFNPLLKGFKPQQIAATELNGNTRDGVIHFPNIRTSTLWGQVHDEKAFYSMGGVSGHAGLFSNTGDIAVLMQTMLNGGGYGDVQLFNAETVKMFTTSSKEDATFGLGWRVNGNATMTPTFGTLASPQTYGHTGWTGTVTVIDPVNHMTIVMLSNKPHSPVADPQKNPNMFESGQLPIATYGWVVDQVYAALKQK
A0A0H3PN46	 3.4.16.4	MKRTMLYLSLLAVSCSVSAAKYPVLTESSPEKAGFNVERLNQMDRWISQQVDAGYPGVNLLIIKDNQIVYRKAWGAAKKYDGSVLMAQPVKATTGTLYDLASNTKMYATNFALQKLMSEGKLHPDDLIAKYISGFADSPNDTIKGKNTLRISDLLHHSGGFPADPQYPNKAVAGALYSQDKGQTLEMIKRTPLEYQPGSKHIYSDVDYMLLGFIVESVTGQPLDRYVEESIYRPLGLTHTVFNPLLKGFKPQQIAATELNGNTRDGVIHFPNIRTSTHWGQVHDEKAFYSMGGVSGHAGLFSNTGDIAVLMQTMLNGGGYGDVQLFSAETVKMFTTSSKEDATFGLGWRVNGNATMTPTFGTLASPQTYGHTGWTGTVTVIDPVNHMAIVMLSNKPHSPVADPQKNPNMFESGQLPIATYGWVVDQVYAALKQK
Q51504	 3.4.16.4	MKLNYFQGALYPWRFCVIVGLLLAMVGAIVWRIVDLHVIDHDFLKGQGDARSVRHIAIPAHRGLITDRNGEPLAVSTPVTTLWANPKELMTAKERWPQLAAALGQDTKLFADRIEQNAEREFIYLVRGLTPEQGEGVIALKVPGVYSIEEFRRFYPAGEVVAHAVGFTDVDDRGREGIELAFDEWLAGVPGKRQVLKDRRGRVIKDVQVTKNAKPGKTLALSIDLRLQYLAHRELRNALLENGAKAGSLVIMDVKTGEILAMTNQPTYNPNNRRNLQPAAMRNRAMIDVFEPGSTVKPFSMSAALASGRWKPSDIVDVYPGTLQIGRYTIRDVSRNSRQLDLTGILIKSSNVGISKIAFDIGAESIYSVMQQVGLGQDTGLGFPGERVGNLPNHRKWPKAETATLAYGYGLSVTAIQLAHAYAALANDGKSVPLSMTRVDRVPDGVQVISPEVASTVQGMLQQVVEAQGGVFRAQVPGYHAAGKSGTARKVSVGTKGYRENAYRSLFAGFAPATDPRIAMVVVIDEPSKAGYFGGLVSAPVFSKVMAGALRLMNVPPDNLPTATEQQQVNAAPAKGGRG
P35150	 3.4.16.4	MRIFKKAVFVIMISFLIATVNVNTAHAAIDVSAKSAIIIDGASGRVLYAKDEHQKRRIASITKIMTAVLAIESGKMDQTVTVSANAVRTEGSAIYLTEGQKVKLKDLVYGLMLRSGNDAAVAIAEHVGGSLDGFVYMMNQKAEQLGMKNTRFQNPHGLDDHENHYSTAYDMAILTKYAMKLKDYQKISGTKIYKAETMESVWKNKNKLLTMLYPYSTGGKTGYTKLAKRTLVSTASKDGIDLIAVTINDPNDWDDHMKMFNYVFEHYQTYLIAKKGDIPKLKGTFYESKAFIKRDITYLLTEEEKENVKINTTLLKPKKAWEKDASKIPDIVGHMEIMFNDATIAKVPIYYENERHQKPKKQFFETFKSIFLNAAGGAKWSI
